#
# There is insufficient memory for the Java Runtime Environment to continue.
# Native memory allocation (malloc) failed to allocate 706824 bytes. Error detail: Chunk::new
# Possible reasons:
#   The system is out of physical RAM or swap space
#   This process is running with CompressedOops enabled, and the Java Heap may be blocking the growth of the native heap
# Possible solutions:
#   Reduce memory load on the system
#   Increase physical memory or swap space
#   Check if swap backing store is full
#   Decrease Java heap size (-Xmx/-Xms)
#   Decrease number of Java threads
#   Decrease Java thread stack sizes (-Xss)
#   Set larger code cache with -XX:ReservedCodeCacheSize=
#   JVM is running with Unscaled Compressed Oops mode in which the Java heap is
#     placed in the first 4GB address space. The Java Heap base address is the
#     maximum limit for the native heap growth. Please use -XX:HeapBaseMinAddress
#     to set the Java Heap base and to place the Java Heap above 4GB virtual address.
# This output file may be truncated or incomplete.
#
#  Out of Memory Error (arena.cpp:186), pid=33356, tid=22680
#
# JRE version: Java(TM) SE Runtime Environment (25.0+37) (build 25+37-LTS-3491)
# Java VM: Java HotSpot(TM) 64-Bit Server VM (25+37-LTS-3491, mixed mode, sharing, tiered, compressed oops, compressed class ptrs, g1 gc, windows-amd64)
# No core dump will be written. Minidumps are not enabled by default on client versions of Windows
#

---------------  S U M M A R Y ------------

Command Line: --add-opens=java.base/java.lang=ALL-UNNAMED --add-opens=java.base/java.lang.invoke=ALL-UNNAMED --add-opens=java.base/java.util=ALL-UNNAMED --add-opens=java.prefs/java.util.prefs=ALL-UNNAMED --add-exports=jdk.compiler/com.sun.tools.javac.api=ALL-UNNAMED --add-exports=jdk.compiler/com.sun.tools.javac.util=ALL-UNNAMED --add-opens=java.base/java.util=ALL-UNNAMED --add-opens=java.prefs/java.util.prefs=ALL-UNNAMED --add-opens=java.base/java.nio.charset=ALL-UNNAMED --add-opens=java.base/java.net=ALL-UNNAMED --add-opens=java.base/java.util.concurrent=ALL-UNNAMED --add-opens=java.base/java.util.concurrent.atomic=ALL-UNNAMED --add-opens=java.xml/javax.xml.namespace=ALL-UNNAMED --add-opens=java.base/java.time=ALL-UNNAMED --enable-native-access=ALL-UNNAMED -XX:MaxMetaspaceSize=384m -XX:+HeapDumpOnOutOfMemoryError -Xms256m -Xmx512m -Dfile.encoding=UTF-8 -Duser.country=CN -Duser.language=zh -Duser.variant -javaagent:C:\Users\zzp84\.gradle\wrapper\dists\gradle-9.4.1-bin\arn2x92ynaizyzdaamcbpbhtj\gradle-9.4.1\lib\agents\gradle-instrumentation-agent-9.4.1.jar org.gradle.launcher.daemon.bootstrap.GradleDaemon 9.4.1

Host: AMD Ryzen 9 7940HX with Radeon Graphics        , 32 cores, 31G,  Windows 11 , 64 bit Build 26100 (10.0.26100.8328)
Time: Sun May 24 08:03:58 2026 elapsed time: 70923.710256 seconds (0d 19h 42m 3s)

---------------  T H R E A D  ---------------

Current thread (0x000001c7cf014ce0):  JavaThread "C2 CompilerThread0" daemon [_thread_in_native, id=22680, stack(0x0000007c13400000,0x0000007c13500000) (1024K)]


Current CompileTask:
C2:70923710 37926   !   4       java.io.ObjectOutputStream::writeObject0 (620 bytes)

Stack: [0x0000007c13400000,0x0000007c13500000]
Native frames: (J=compiled Java code, j=interpreted, Vv=VM code, C=native code)
V  [jvm.dll+0x7a6a39]  (no source info available)
V  [jvm.dll+0x7727ed]  (no source info available)
V  [jvm.dll+0x965f33]  (no source info available)
V  [jvm.dll+0x968531]  (no source info available)
V  [jvm.dll+0x968c33]  (no source info available)
V  [jvm.dll+0x2fc756]  (no source info available)
V  [jvm.dll+0x111b26]  (no source info available)
V  [jvm.dll+0x111e4e]  (no source info available)
V  [jvm.dll+0x381801]  (no source info available)
V  [jvm.dll+0x6b8b29]  (no source info available)
V  [jvm.dll+0x2c9bfa]  (no source info available)
V  [jvm.dll+0x2c9fef]  (no source info available)
V  [jvm.dll+0x2c2519]  (no source info available)
V  [jvm.dll+0x2bf995]  (no source info available)
V  [jvm.dll+0x237b60]  (no source info available)
V  [jvm.dll+0x2cfb56]  (no source info available)
V  [jvm.dll+0x2cddd5]  (no source info available)
V  [jvm.dll+0x48e671]  (no source info available)
V  [jvm.dll+0x90681d]  (no source info available)
V  [jvm.dll+0x7a5015]  (no source info available)
C  [ucrtbase.dll+0x37b0]  (no source info available)
C  [KERNEL32.DLL+0x2e957]  (no source info available)
C  [ntdll.dll+0x427c]  (no source info available)

Lock stack of current Java thread (top to bottom):


---------------  P R O C E S S  ---------------

Threads class SMR info:
_java_thread_list=0x000001c7d8e87f50, length=106, elements={
0x000001c7b066b150, 0x000001c7cefffde0, 0x000001c7cf0005a0, 0x000001c7cf002cb0,
0x000001c7cf005480, 0x000001c7cf006bb0, 0x000001c7cf008f80, 0x000001c7cf014ce0,
0x000001c7cf0154f0, 0x000001c7cf69d7d0, 0x000001c7cf74c6a0, 0x000001c7d60a8590,
0x000001c7d645bbc0, 0x000001c7d647c6f0, 0x000001c7d641e620, 0x000001c7d641edf0,
0x000001c7d64224a0, 0x000001c7d9ed3ef0, 0x000001c7d9ed1010, 0x000001c7d9ed5660,
0x000001c7d9f27af0, 0x000001c7d9f29260, 0x000001c7d9f2c910, 0x000001c7daa5efa0,
0x000001c7daa5e7d0, 0x000001c7d50cbc00, 0x000001c7db4004a0, 0x000001c7d4f4e6f0,
0x000001c7dd75fab0, 0x000001c7d430a410, 0x000001c7d430bb80, 0x000001c7dd39d060,
0x000001c7dd39d830, 0x000001c7d4309470, 0x000001c7d430abe0, 0x000001c7d430b3b0,
0x000001c7d43084d0, 0x000001c7d4e21d90, 0x000001c7d4e23500, 0x000001c7d72be0d0,
0x000001c7d72bd900, 0x000001c7d72bc190, 0x000001c7d9f4eb00, 0x000001c7d9f50270,
0x000001c7d9f4e330, 0x000001c7d9f4f2d0, 0x000001c7d9f4faa0, 0x000001c7d9f519e0,
0x000001c7d9f50a40, 0x000001c7d9f51210, 0x000001c7d9f52b10, 0x000001c7d9f54280,
0x000001c7d9f53ab0, 0x000001c7d9f55220, 0x000001c7d9f54a50, 0x000001c7d9f559f0,
0x000001c7d9f532e0, 0x000001c7d9f52340, 0x000001c7d765e9c0, 0x000001c7d765e1f0,
0x000001c7d7660130, 0x000001c7d76618a0, 0x000001c7d765f190, 0x000001c7dd3a0710,
0x000001c7dd39ff40, 0x000001c7dd3a16b0, 0x000001c7dd39f770, 0x000001c7dd3a4590,
0x000001c7dd3a5530, 0x000001c7dd3a2650, 0x000001c7dd3a4d60, 0x000001c7dd3a3dc0,
0x000001c7dd3a2e20, 0x000001c7cf64e620, 0x000001c7b0672950, 0x000001c7b0676000,
0x000001c7b0675830, 0x000001c7b0673120, 0x000001c7b06738f0, 0x000001c7b06740c0,
0x000001c7b0674890, 0x000001c7b0675060, 0x000001c7dd761220, 0x000001c7d50c36f0,
0x000001c7d50c3ec0, 0x000001c7d50c2f20, 0x000001c7d50c4e60, 0x000001c7d50c5630,
0x000001c7da415850, 0x000001c7da002350, 0x000001c7da4140e0, 0x000001c7da4148b0,
0x000001c7da4167f0, 0x000001c7da413910, 0x000001c7da415080, 0x000001c7da416fc0,
0x000001c7da416020, 0x000001c7dc50e070, 0x000001c7dc50d8a0, 0x000001c7dc50a9c0,
0x000001c7dc50d0d0, 0x000001c7dc50b190, 0x000001c7dc50c900, 0x000001c7dc50b960,
0x000001c7dc50c130, 0x000001c7da027440
}

Java Threads: ( => current thread )
  0x000001c7b066b150 JavaThread "main"                              [_thread_blocked, id=32264, stack(0x0000007c12600000,0x0000007c12700000) (1024K)]
  0x000001c7cefffde0 JavaThread "Reference Handler"          daemon [_thread_blocked, id=11312, stack(0x0000007c12e00000,0x0000007c12f00000) (1024K)]
  0x000001c7cf0005a0 JavaThread "Finalizer"                  daemon [_thread_blocked, id=14388, stack(0x0000007c12f00000,0x0000007c13000000) (1024K)]
  0x000001c7cf002cb0 JavaThread "Signal Dispatcher"          daemon [_thread_blocked, id=14716, stack(0x0000007c13000000,0x0000007c13100000) (1024K)]
  0x000001c7cf005480 JavaThread "Attach Listener"            daemon [_thread_blocked, id=40484, stack(0x0000007c13100000,0x0000007c13200000) (1024K)]
  0x000001c7cf006bb0 JavaThread "Service Thread"             daemon [_thread_blocked, id=31100, stack(0x0000007c13200000,0x0000007c13300000) (1024K)]
  0x000001c7cf008f80 JavaThread "Monitor Deflation Thread"   daemon [_thread_blocked, id=5796, stack(0x0000007c13300000,0x0000007c13400000) (1024K)]
=>0x000001c7cf014ce0 JavaThread "C2 CompilerThread0"         daemon [_thread_in_native, id=22680, stack(0x0000007c13400000,0x0000007c13500000) (1024K)]
  0x000001c7cf0154f0 JavaThread "C1 CompilerThread0"         daemon [_thread_blocked, id=34376, stack(0x0000007c13500000,0x0000007c13600000) (1024K)]
  0x000001c7cf69d7d0 JavaThread "Common-Cleaner"             daemon [_thread_blocked, id=26340, stack(0x0000007c13900000,0x0000007c13a00000) (1024K)]
  0x000001c7cf74c6a0 JavaThread "Notification Thread"        daemon [_thread_blocked, id=15152, stack(0x0000007c13a00000,0x0000007c13b00000) (1024K)]
  0x000001c7d60a8590 JavaThread "Daemon health stats"               [_thread_blocked, id=16184, stack(0x0000007c13e00000,0x0000007c13f00000) (1024K)]
  0x000001c7d645bbc0 JavaThread "Incoming local TCP Connector on port 18928"        [_thread_in_native, id=21376, stack(0x0000007c14600000,0x0000007c14700000) (1024K)]
  0x000001c7d647c6f0 JavaThread "Daemon periodic checks"            [_thread_blocked, id=3460, stack(0x0000007c14700000,0x0000007c14800000) (1024K)]
  0x000001c7d641e620 JavaThread "Cache worker for journal cache (C:\Users\zzp84\.gradle\caches\journal-1)"        [_thread_blocked, id=15156, stack(0x0000007c14f00000,0x0000007c15000000) (1024K)]
  0x000001c7d641edf0 JavaThread "File lock request listener"        [_thread_in_native, id=12224, stack(0x0000007c15000000,0x0000007c15100000) (1024K)]
  0x000001c7d64224a0 JavaThread "Cache worker for file hash cache (C:\Users\zzp84\.gradle\caches\9.4.1\fileHashes)"        [_thread_blocked, id=19872, stack(0x0000007c15100000,0x0000007c15200000) (1024K)]
  0x000001c7d9ed3ef0 JavaThread "File watcher server"        daemon [_thread_in_native, id=35072, stack(0x0000007c16a00000,0x0000007c16b00000) (1024K)]
  0x000001c7d9ed1010 JavaThread "File watcher consumer"      daemon [_thread_in_Java, id=33284, stack(0x0000007c16b00000,0x0000007c16c00000) (1024K)]
  0x000001c7d9ed5660 JavaThread "Cache worker for file content cache (C:\Users\zzp84\.gradle\caches\9.4.1\fileContent)"        [_thread_blocked, id=39832, stack(0x0000007c16c00000,0x0000007c16d00000) (1024K)]
  0x000001c7d9f27af0 JavaThread "jar transforms"                    [_thread_blocked, id=28348, stack(0x0000007c17000000,0x0000007c17100000) (1024K)]
  0x000001c7d9f29260 JavaThread "jar transforms Thread 2"           [_thread_blocked, id=31476, stack(0x0000007c17100000,0x0000007c17200000) (1024K)]
  0x000001c7d9f2c910 JavaThread "jar transforms Thread 3"           [_thread_blocked, id=4412, stack(0x0000007c17200000,0x0000007c17300000) (1024K)]
  0x000001c7daa5efa0 JavaThread "Memory manager"                    [_thread_blocked, id=36848, stack(0x0000007c19300000,0x0000007c19400000) (1024K)]
  0x000001c7daa5e7d0 JavaThread "jar transforms Thread 4"           [_thread_blocked, id=25280, stack(0x0000007c19400000,0x0000007c19500000) (1024K)]
  0x000001c7d50cbc00 JavaThread "Cache worker for Java compile cache (C:\Users\zzp84\.gradle\caches\9.4.1\javaCompile)"        [_thread_blocked, id=32172, stack(0x0000007c1c000000,0x0000007c1c100000) (1024K)]
  0x000001c7db4004a0 JavaThread "Daemon Thread 15"                  [_thread_blocked, id=5972, stack(0x0000007c12300000,0x0000007c12400000) (1024K)]
  0x000001c7d4f4e6f0 JavaThread "Daemon worker Thread 14"           [_thread_blocked, id=46288, stack(0x0000007c13600000,0x0000007c13700000) (1024K)]
  0x000001c7dd75fab0 JavaThread "Exec process Thread 45"            [_thread_in_native, id=20384, stack(0x0000007c19100000,0x0000007c19200000) (1024K)]
  0x000001c7d430a410 JavaThread "Exec process Thread 46"            [_thread_in_native, id=11308, stack(0x0000007c1b700000,0x0000007c1b800000) (1024K)]
  0x000001c7d430bb80 JavaThread "Exec process Thread 47"            [_thread_in_native, id=41196, stack(0x0000007c1b800000,0x0000007c1b900000) (1024K)]
  0x000001c7dd39d060 JavaThread "Handler for socket connection from /127.0.0.1:18928 to /127.0.0.1:28003"        [_thread_in_native, id=45568, stack(0x0000007c12400000,0x0000007c12500000) (1024K)]
  0x000001c7dd39d830 JavaThread "Cancel handler"                    [_thread_blocked, id=55936, stack(0x0000007c12500000,0x0000007c12600000) (1024K)]
  0x000001c7d4309470 JavaThread "Asynchronous log dispatcher for DefaultDaemonConnection: socket connection from /127.0.0.1:18928 to /127.0.0.1:28003"        [_thread_blocked, id=55196, stack(0x0000007c13800000,0x0000007c13900000) (1024K)]
  0x000001c7d430abe0 JavaThread "Stdin handler"                     [_thread_blocked, id=43288, stack(0x0000007c13b00000,0x0000007c13c00000) (1024K)]
  0x000001c7d430b3b0 JavaThread "Daemon client event forwarder"        [_thread_blocked, id=50052, stack(0x0000007c13c00000,0x0000007c13d00000) (1024K)]
  0x000001c7d43084d0 JavaThread "Cache worker for file hash cache (D:\WorkSpace\Project\ai\x-ai-gateway\.gradle\9.4.1\fileHashes)"        [_thread_blocked, id=47216, stack(0x0000007c13d00000,0x0000007c13e00000) (1024K)]
  0x000001c7d4e21d90 JavaThread "Cache worker for Build Output Cleanup Cache (D:\WorkSpace\Project\ai\x-ai-gateway\.gradle\buildOutputCleanup)"        [_thread_blocked, id=49304, stack(0x0000007c13f00000,0x0000007c14000000) (1024K)]
  0x000001c7d4e23500 JavaThread "Cache worker for checksums cache (D:\WorkSpace\Project\ai\x-ai-gateway\.gradle\9.4.1\checksums)"        [_thread_blocked, id=13832, stack(0x0000007c14000000,0x0000007c14100000) (1024K)]
  0x000001c7d72be0d0 JavaThread "Cache worker for cache directory md-supplier (C:\Users\zzp84\.gradle\caches\9.4.1\md-supplier)"        [_thread_blocked, id=14596, stack(0x0000007c14800000,0x0000007c14900000) (1024K)]
  0x000001c7d72bd900 JavaThread "Cache worker for cache directory md-rule (C:\Users\zzp84\.gradle\caches\9.4.1\md-rule)"        [_thread_blocked, id=20544, stack(0x0000007c14900000,0x0000007c14a00000) (1024K)]
  0x000001c7d72bc190 JavaThread "Build operations"                  [_thread_blocked, id=43124, stack(0x0000007c14a00000,0x0000007c14b00000) (1024K)]
  0x000001c7d9f4eb00 JavaThread "Build operations Thread 2"         [_thread_blocked, id=8824, stack(0x0000007c14b00000,0x0000007c14c00000) (1024K)]
  0x000001c7d9f50270 JavaThread "Build operations Thread 3"         [_thread_blocked, id=16400, stack(0x0000007c14c00000,0x0000007c14d00000) (1024K)]
  0x000001c7d9f4e330 JavaThread "Build operations Thread 4"         [_thread_blocked, id=57284, stack(0x0000007c14d00000,0x0000007c14e00000) (1024K)]
  0x000001c7d9f4f2d0 JavaThread "Build operations Thread 5"         [_thread_blocked, id=52992, stack(0x0000007c14e00000,0x0000007c14f00000) (1024K)]
  0x000001c7d9f4faa0 JavaThread "Build operations Thread 6"         [_thread_blocked, id=18068, stack(0x0000007c16800000,0x0000007c16900000) (1024K)]
  0x000001c7d9f519e0 JavaThread "Build operations Thread 7"         [_thread_blocked, id=5056, stack(0x0000007c16900000,0x0000007c16a00000) (1024K)]
  0x000001c7d9f50a40 JavaThread "Build operations Thread 8"         [_thread_blocked, id=49024, stack(0x0000007c16d00000,0x0000007c16e00000) (1024K)]
  0x000001c7d9f51210 JavaThread "Build operations Thread 9"         [_thread_blocked, id=16744, stack(0x0000007c16e00000,0x0000007c16f00000) (1024K)]
  0x000001c7d9f52b10 JavaThread "Build operations Thread 10"        [_thread_blocked, id=48356, stack(0x0000007c16f00000,0x0000007c17000000) (1024K)]
  0x000001c7d9f54280 JavaThread "Build operations Thread 11"        [_thread_blocked, id=35520, stack(0x0000007c17300000,0x0000007c17400000) (1024K)]
  0x000001c7d9f53ab0 JavaThread "Build operations Thread 12"        [_thread_blocked, id=47908, stack(0x0000007c17400000,0x0000007c17500000) (1024K)]
  0x000001c7d9f55220 JavaThread "Build operations Thread 13"        [_thread_blocked, id=56564, stack(0x0000007c17500000,0x0000007c17600000) (1024K)]
  0x000001c7d9f54a50 JavaThread "Build operations Thread 14"        [_thread_blocked, id=47516, stack(0x0000007c17600000,0x0000007c17700000) (1024K)]
  0x000001c7d9f559f0 JavaThread "Build operations Thread 15"        [_thread_blocked, id=47424, stack(0x0000007c17700000,0x0000007c17800000) (1024K)]
  0x000001c7d9f532e0 JavaThread "Build operations Thread 16"        [_thread_blocked, id=13156, stack(0x0000007c17800000,0x0000007c17900000) (1024K)]
  0x000001c7d9f52340 JavaThread "Build operations Thread 17"        [_thread_blocked, id=55524, stack(0x0000007c17900000,0x0000007c17a00000) (1024K)]
  0x000001c7d765e9c0 JavaThread "Build operations Thread 18"        [_thread_blocked, id=43356, stack(0x0000007c17a00000,0x0000007c17b00000) (1024K)]
  0x000001c7d765e1f0 JavaThread "Build operations Thread 19"        [_thread_blocked, id=40440, stack(0x0000007c17b00000,0x0000007c17c00000) (1024K)]
  0x000001c7d7660130 JavaThread "Build operations Thread 20"        [_thread_blocked, id=45124, stack(0x0000007c17c00000,0x0000007c17d00000) (1024K)]
  0x000001c7d76618a0 JavaThread "Build operations Thread 21"        [_thread_blocked, id=30704, stack(0x0000007c17d00000,0x0000007c17e00000) (1024K)]
  0x000001c7d765f190 JavaThread "Build operations Thread 22"        [_thread_blocked, id=46600, stack(0x0000007c17e00000,0x0000007c17f00000) (1024K)]
  0x000001c7dd3a0710 JavaThread "Build operations Thread 23"        [_thread_blocked, id=50840, stack(0x0000007c17f00000,0x0000007c18000000) (1024K)]
  0x000001c7dd39ff40 JavaThread "Build operations Thread 24"        [_thread_blocked, id=43940, stack(0x0000007c18000000,0x0000007c18100000) (1024K)]
  0x000001c7dd3a16b0 JavaThread "Build operations Thread 25"        [_thread_blocked, id=36140, stack(0x0000007c18100000,0x0000007c18200000) (1024K)]
  0x000001c7dd39f770 JavaThread "Build operations Thread 26"        [_thread_blocked, id=56748, stack(0x0000007c18200000,0x0000007c18300000) (1024K)]
  0x000001c7dd3a4590 JavaThread "Build operations Thread 27"        [_thread_blocked, id=41272, stack(0x0000007c18300000,0x0000007c18400000) (1024K)]
  0x000001c7dd3a5530 JavaThread "Build operations Thread 28"        [_thread_blocked, id=53276, stack(0x0000007c18400000,0x0000007c18500000) (1024K)]
  0x000001c7dd3a2650 JavaThread "Build operations Thread 29"        [_thread_blocked, id=46544, stack(0x0000007c18500000,0x0000007c18600000) (1024K)]
  0x000001c7dd3a4d60 JavaThread "Build operations Thread 30"        [_thread_blocked, id=34192, stack(0x0000007c18600000,0x0000007c18700000) (1024K)]
  0x000001c7dd3a3dc0 JavaThread "Build operations Thread 31"        [_thread_blocked, id=9900, stack(0x0000007c18700000,0x0000007c18800000) (1024K)]
  0x000001c7dd3a2e20 JavaThread "Build operations Thread 32"        [_thread_blocked, id=55232, stack(0x0000007c18800000,0x0000007c18900000) (1024K)]
  0x000001c7cf64e620 JavaThread "included builds"                   [_thread_blocked, id=56412, stack(0x0000007c19700000,0x0000007c19800000) (1024K)]
  0x000001c7b0672950 JavaThread "Execution worker"                  [_thread_blocked, id=15164, stack(0x0000007c19800000,0x0000007c19900000) (1024K)]
  0x000001c7b0676000 JavaThread "Execution worker Thread 2"         [_thread_blocked, id=49940, stack(0x0000007c19900000,0x0000007c19a00000) (1024K)]
  0x000001c7b0675830 JavaThread "Execution worker Thread 3"         [_thread_blocked, id=52888, stack(0x0000007c19a00000,0x0000007c19b00000) (1024K)]
  0x000001c7b0673120 JavaThread "Execution worker Thread 4"         [_thread_blocked, id=48084, stack(0x0000007c19b00000,0x0000007c19c00000) (1024K)]
  0x000001c7b06738f0 JavaThread "Execution worker Thread 5"         [_thread_blocked, id=39720, stack(0x0000007c19c00000,0x0000007c19d00000) (1024K)]
  0x000001c7b06740c0 JavaThread "Execution worker Thread 6"         [_thread_blocked, id=19976, stack(0x0000007c19d00000,0x0000007c19e00000) (1024K)]
  0x000001c7b0674890 JavaThread "Execution worker Thread 7"         [_thread_blocked, id=56572, stack(0x0000007c19e00000,0x0000007c19f00000) (1024K)]
  0x000001c7b0675060 JavaThread "Execution worker Thread 8"         [_thread_blocked, id=52952, stack(0x0000007c19f00000,0x0000007c1a000000) (1024K)]
  0x000001c7dd761220 JavaThread "Execution worker Thread 9"         [_thread_blocked, id=41308, stack(0x0000007c1a000000,0x0000007c1a100000) (1024K)]
  0x000001c7d50c36f0 JavaThread "Execution worker Thread 10"        [_thread_blocked, id=6032, stack(0x0000007c1a100000,0x0000007c1a200000) (1024K)]
  0x000001c7d50c3ec0 JavaThread "Execution worker Thread 11"        [_thread_blocked, id=52988, stack(0x0000007c1a200000,0x0000007c1a300000) (1024K)]
  0x000001c7d50c2f20 JavaThread "Execution worker Thread 12"        [_thread_blocked, id=12952, stack(0x0000007c1a300000,0x0000007c1a400000) (1024K)]
  0x000001c7d50c4e60 JavaThread "Execution worker Thread 13"        [_thread_blocked, id=50316, stack(0x0000007c1a400000,0x0000007c1a500000) (1024K)]
  0x000001c7d50c5630 JavaThread "Execution worker Thread 14"        [_thread_blocked, id=42112, stack(0x0000007c1a500000,0x0000007c1a600000) (1024K)]
  0x000001c7da415850 JavaThread "Execution worker Thread 15"        [_thread_blocked, id=38616, stack(0x0000007c1a600000,0x0000007c1a700000) (1024K)]
  0x000001c7da002350 JavaThread "Cache worker for execution history cache (D:\WorkSpace\Project\ai\x-ai-gateway\.gradle\9.4.1\executionHistory)"        [_thread_blocked, id=42708, stack(0x0000007c1a700000,0x0000007c1a800000) (1024K)]
  0x000001c7da4140e0 JavaThread "Execution worker Thread 16"        [_thread_blocked, id=38268, stack(0x0000007c1a800000,0x0000007c1a900000) (1024K)]
  0x000001c7da4148b0 JavaThread "Execution worker Thread 17"        [_thread_blocked, id=52136, stack(0x0000007c1a900000,0x0000007c1aa00000) (1024K)]
  0x000001c7da4167f0 JavaThread "Execution worker Thread 18"        [_thread_blocked, id=37648, stack(0x0000007c1aa00000,0x0000007c1ab00000) (1024K)]
  0x000001c7da413910 JavaThread "Execution worker Thread 19"        [_thread_blocked, id=9192, stack(0x0000007c1ab00000,0x0000007c1ac00000) (1024K)]
  0x000001c7da415080 JavaThread "Execution worker Thread 20"        [_thread_blocked, id=3492, stack(0x0000007c1ac00000,0x0000007c1ad00000) (1024K)]
  0x000001c7da416fc0 JavaThread "Execution worker Thread 21"        [_thread_blocked, id=47100, stack(0x0000007c1ad00000,0x0000007c1ae00000) (1024K)]
  0x000001c7da416020 JavaThread "Execution worker Thread 22"        [_thread_blocked, id=36060, stack(0x0000007c1ae00000,0x0000007c1af00000) (1024K)]
  0x000001c7dc50e070 JavaThread "Execution worker Thread 23"        [_thread_blocked, id=16484, stack(0x0000007c1af00000,0x0000007c1b000000) (1024K)]
  0x000001c7dc50d8a0 JavaThread "Execution worker Thread 24"        [_thread_blocked, id=39460, stack(0x0000007c1b000000,0x0000007c1b100000) (1024K)]
  0x000001c7dc50a9c0 JavaThread "Execution worker Thread 25"        [_thread_blocked, id=47704, stack(0x0000007c1b100000,0x0000007c1b200000) (1024K)]
  0x000001c7dc50d0d0 JavaThread "Execution worker Thread 26"        [_thread_blocked, id=2704, stack(0x0000007c1b200000,0x0000007c1b300000) (1024K)]
  0x000001c7dc50b190 JavaThread "Execution worker Thread 27"        [_thread_blocked, id=34440, stack(0x0000007c1b300000,0x0000007c1b400000) (1024K)]
  0x000001c7dc50c900 JavaThread "Execution worker Thread 28"        [_thread_blocked, id=50616, stack(0x0000007c1b400000,0x0000007c1b500000) (1024K)]
  0x000001c7dc50b960 JavaThread "Execution worker Thread 29"        [_thread_blocked, id=30076, stack(0x0000007c1b500000,0x0000007c1b600000) (1024K)]
  0x000001c7dc50c130 JavaThread "Execution worker Thread 30"        [_thread_blocked, id=51604, stack(0x0000007c1b600000,0x0000007c1b700000) (1024K)]
  0x000001c7da027440 JavaThread "Execution worker Thread 31"        [_thread_blocked, id=35352, stack(0x0000007c1b900000,0x0000007c1ba00000) (1024K)]
Total: 106

Other Threads:
  0x000001c7cefe5390 VMThread "VM Thread"                           [id=32592, stack(0x0000007c12d00000,0x0000007c12e00000) (1024K)]
  0x000001c7ceeb4510 WatcherThread "VM Periodic Task Thread"        [id=36064, stack(0x0000007c12c00000,0x0000007c12d00000) (1024K)]
  0x000001c7b069cc20 WorkerThread "GC Thread#0"                     [id=35008, stack(0x0000007c12700000,0x0000007c12800000) (1024K)]
  0x000001c7d4c39630 WorkerThread "GC Thread#1"                     [id=22356, stack(0x0000007c14100000,0x0000007c14200000) (1024K)]
  0x000001c7d5448010 WorkerThread "GC Thread#2"                     [id=34904, stack(0x0000007c14200000,0x0000007c14300000) (1024K)]
  0x000001c7d5448440 WorkerThread "GC Thread#3"                     [id=3764, stack(0x0000007c14300000,0x0000007c14400000) (1024K)]
  0x000001c7d52c8a70 WorkerThread "GC Thread#4"                     [id=21952, stack(0x0000007c14400000,0x0000007c14500000) (1024K)]
  0x000001c7d52c8ea0 WorkerThread "GC Thread#5"                     [id=41976, stack(0x0000007c14500000,0x0000007c14600000) (1024K)]
  0x000001c7d572e620 WorkerThread "GC Thread#6"                     [id=35968, stack(0x0000007c15200000,0x0000007c15300000) (1024K)]
  0x000001c7d572f310 WorkerThread "GC Thread#7"                     [id=36468, stack(0x0000007c15300000,0x0000007c15400000) (1024K)]
  0x000001c7d5731590 WorkerThread "GC Thread#8"                     [id=21180, stack(0x0000007c15400000,0x0000007c15500000) (1024K)]
  0x000001c7d572f760 WorkerThread "GC Thread#9"                     [id=13276, stack(0x0000007c15500000,0x0000007c15600000) (1024K)]
  0x000001c7d57308a0 WorkerThread "GC Thread#10"                    [id=37704, stack(0x0000007c15600000,0x0000007c15700000) (1024K)]
  0x000001c7d572fbb0 WorkerThread "GC Thread#11"                    [id=26428, stack(0x0000007c15700000,0x0000007c15800000) (1024K)]
  0x000001c7d5730000 WorkerThread "GC Thread#12"                    [id=11012, stack(0x0000007c15800000,0x0000007c15900000) (1024K)]
  0x000001c7d948cd10 WorkerThread "GC Thread#13"                    [id=22460, stack(0x0000007c15900000,0x0000007c15a00000) (1024K)]
  0x000001c7d948fc80 WorkerThread "GC Thread#14"                    [id=13280, stack(0x0000007c15a00000,0x0000007c15b00000) (1024K)]
  0x000001c7d948e6f0 WorkerThread "GC Thread#15"                    [id=24388, stack(0x0000007c15b00000,0x0000007c15c00000) (1024K)]
  0x000001c7d948ef90 WorkerThread "GC Thread#16"                    [id=35908, stack(0x0000007c15c00000,0x0000007c15d00000) (1024K)]
  0x000001c7d948de50 WorkerThread "GC Thread#17"                    [id=29868, stack(0x0000007c15d00000,0x0000007c15e00000) (1024K)]
  0x000001c7d948d5b0 WorkerThread "GC Thread#18"                    [id=28904, stack(0x0000007c15e00000,0x0000007c15f00000) (1024K)]
  0x000001c7d948f3e0 WorkerThread "GC Thread#19"                    [id=14908, stack(0x0000007c15f00000,0x0000007c16000000) (1024K)]
  0x000001c7d948f830 WorkerThread "GC Thread#20"                    [id=24104, stack(0x0000007c16000000,0x0000007c16100000) (1024K)]
  0x000001c7d9490970 WorkerThread "GC Thread#21"                    [id=3248, stack(0x0000007c16100000,0x0000007c16200000) (1024K)]
  0x000001c7d948e2a0 WorkerThread "GC Thread#22"                    [id=5344, stack(0x0000007c16200000,0x0000007c16300000) (1024K)]
  0x000001c7b00ddfb0 ConcurrentGCThread "G1 Main Marker"            [id=14228, stack(0x0000007c12800000,0x0000007c12900000) (1024K)]
  0x000001c7b06a0af0 WorkerThread "G1 Conc#0"                       [id=41436, stack(0x0000007c12900000,0x0000007c12a00000) (1024K)]
  0x000001c7d9490dc0 WorkerThread "G1 Conc#1"                       [id=25796, stack(0x0000007c16300000,0x0000007c16400000) (1024K)]
  0x000001c7d948da00 WorkerThread "G1 Conc#2"                       [id=31252, stack(0x0000007c16400000,0x0000007c16500000) (1024K)]
  0x000001c7d94900d0 WorkerThread "G1 Conc#3"                       [id=34828, stack(0x0000007c16500000,0x0000007c16600000) (1024K)]
  0x000001c7d948d160 WorkerThread "G1 Conc#4"                       [id=36320, stack(0x0000007c16600000,0x0000007c16700000) (1024K)]
  0x000001c7d9490520 WorkerThread "G1 Conc#5"                       [id=35696, stack(0x0000007c16700000,0x0000007c16800000) (1024K)]
  0x000001c7b071e8e0 ConcurrentGCThread "G1 Refine#0"               [id=6392, stack(0x0000007c12a00000,0x0000007c12b00000) (1024K)]
  0x000001c7ceea5650 ConcurrentGCThread "G1 Service"                [id=41476, stack(0x0000007c12b00000,0x0000007c12c00000) (1024K)]
Total: 34

Threads with active compile tasks:
C2 CompilerThread0  70923801 37926   !   4       java.io.ObjectOutputStream::writeObject0 (620 bytes)
Total: 1

VM state: not at safepoint (normal execution)

VM Mutex/Monitor currently owned by a thread: None

Heap address: 0x00000000e0000000, size: 512 MB, Compressed Oops mode: 32-bit

CDS archive(s) mapped at: [0x0000000017000000-0x0000000017dd0000-0x0000000017dd0000), size 14483456, SharedBaseAddress: 0x0000000017000000, ArchiveRelocationMode: 1.
Compressed class space mapped at: 0x0000000018000000-0x000000002c000000, reserved size: 335544320
UseCompressedClassPointers 1, UseCompactObjectHeaders 0
Narrow klass pointer bits 32, Max shift 3
Narrow klass base: 0x0000000017000000, Narrow klass shift: 0
Encoding Range: [0x0000000017000000 - 0x0000000117000000), (4294967296 bytes)
Klass Range:    [0x0000000017010000 - 0x000000002c000000), (352256000 bytes)
Klass ID Range:  [65536 - 352321529) (352255993)
Protection zone: [0x0000000017000000 - 0x0000000017010000), (65536 bytes)

GC Precious Log:
 CardTable entry size: 512
 Card Set container configuration: InlinePtr #cards 5 size 8 Array Of Cards #cards 10 size 36 Howl #buckets 4 coarsen threshold 1843 Howl Bitmap #cards 512 size 80 coarsen threshold 460 Card regions per heap region 1 cards per card region 2048
 CPUs: 32 total, 32 available
 Memory: 31925M
 Large Page Support: Disabled
 NUMA Support: Disabled
 Compressed Oops: Enabled (32-bit)
 Heap Region Size: 1M
 Heap Min Capacity: 256M
 Heap Initial Capacity: 256M
 Heap Max Capacity: 512M
 Pre-touch: Disabled
 Parallel Workers: 23
 Concurrent Workers: 6
 Concurrent Refinement Workers: 23
 Periodic GC: Disabled

Heap:
 garbage-first heap   total reserved 524288K, committed 362496K, used 200068K [0x00000000e0000000, 0x0000000100000000)
  region size 1024K, 106 young (108544K), 14 survivors (14336K)

Heap Regions: E=young(eden), S=young(survivor), O=old, HS=humongous(starts), HC=humongous(continues), CS=collection set, F=free, TAMS=top-at-mark-start, PB=parsable bottom
|   0|0x00000000e0000000, 0x00000000e0100000, 0x00000000e0100000|100%|HS|  |TAMS 0x00000000e0000000| PB 0x00000000e0000000| Complete |  0
|   1|0x00000000e0100000, 0x00000000e0200000, 0x00000000e0200000|100%|HC|  |TAMS 0x00000000e0100000| PB 0x00000000e0100000| Complete |  0
|   2|0x00000000e0200000, 0x00000000e0300000, 0x00000000e0300000|100%|HC|  |TAMS 0x00000000e0200000| PB 0x00000000e0200000| Complete |  0
|   3|0x00000000e0300000, 0x00000000e0400000, 0x00000000e0400000|100%|HC|  |TAMS 0x00000000e0300000| PB 0x00000000e0300000| Complete |  0
|   4|0x00000000e0400000, 0x00000000e04fffe8, 0x00000000e0500000| 99%| O|  |TAMS 0x00000000e0400000| PB 0x00000000e0400000| Untracked |  0
|   5|0x00000000e0500000, 0x00000000e05ffff8, 0x00000000e0600000| 99%| O|  |TAMS 0x00000000e0500000| PB 0x00000000e0500000| Untracked |  0
|   6|0x00000000e0600000, 0x00000000e0700000, 0x00000000e0700000|100%|HS|  |TAMS 0x00000000e0600000| PB 0x00000000e0600000| Complete |  0
|   7|0x00000000e0700000, 0x00000000e07fffd0, 0x00000000e0800000| 99%| O|  |TAMS 0x00000000e0700000| PB 0x00000000e0700000| Untracked |  0
|   8|0x00000000e0800000, 0x00000000e0900000, 0x00000000e0900000|100%| O|  |TAMS 0x00000000e0800000| PB 0x00000000e0800000| Untracked |  0
|   9|0x00000000e0900000, 0x00000000e09fffb8, 0x00000000e0a00000| 99%| O|  |TAMS 0x00000000e0900000| PB 0x00000000e0900000| Untracked |  0
|  10|0x00000000e0a00000, 0x00000000e0affff8, 0x00000000e0b00000| 99%| O|  |TAMS 0x00000000e0a00000| PB 0x00000000e0a00000| Untracked |  0
|  11|0x00000000e0b00000, 0x00000000e0c00000, 0x00000000e0c00000|100%| O|  |TAMS 0x00000000e0b00000| PB 0x00000000e0b00000| Untracked |  0
|  12|0x00000000e0c00000, 0x00000000e0cfffd8, 0x00000000e0d00000| 99%| O|  |TAMS 0x00000000e0c00000| PB 0x00000000e0c00000| Untracked |  0
|  13|0x00000000e0d00000, 0x00000000e0e00000, 0x00000000e0e00000|100%| O|  |TAMS 0x00000000e0d00000| PB 0x00000000e0d00000| Untracked |  0
|  14|0x00000000e0e00000, 0x00000000e0efffe8, 0x00000000e0f00000| 99%| O|  |TAMS 0x00000000e0e00000| PB 0x00000000e0e00000| Untracked |  0
|  15|0x00000000e0f00000, 0x00000000e0fffff0, 0x00000000e1000000| 99%| O|  |TAMS 0x00000000e0f00000| PB 0x00000000e0f00000| Untracked |  0
|  16|0x00000000e1000000, 0x00000000e10fffd0, 0x00000000e1100000| 99%| O|  |TAMS 0x00000000e1000000| PB 0x00000000e1000000| Untracked |  0
|  17|0x00000000e1100000, 0x00000000e11fffb0, 0x00000000e1200000| 99%| O|  |TAMS 0x00000000e1100000| PB 0x00000000e1100000| Untracked |  0
|  18|0x00000000e1200000, 0x00000000e12ffff8, 0x00000000e1300000| 99%| O|  |TAMS 0x00000000e1200000| PB 0x00000000e1200000| Untracked |  0
|  19|0x00000000e1300000, 0x00000000e13ffff8, 0x00000000e1400000| 99%| O|  |TAMS 0x00000000e1300000| PB 0x00000000e1300000| Untracked |  0
|  20|0x00000000e1400000, 0x00000000e14ffff8, 0x00000000e1500000| 99%| O|  |TAMS 0x00000000e1400000| PB 0x00000000e1400000| Untracked |  0
|  21|0x00000000e1500000, 0x00000000e15ffff8, 0x00000000e1600000| 99%| O|  |TAMS 0x00000000e1500000| PB 0x00000000e1500000| Untracked |  0
|  22|0x00000000e1600000, 0x00000000e16fffe8, 0x00000000e1700000| 99%| O|  |TAMS 0x00000000e1600000| PB 0x00000000e1600000| Untracked |  0
|  23|0x00000000e1700000, 0x00000000e17ffff0, 0x00000000e1800000| 99%| O|  |TAMS 0x00000000e1700000| PB 0x00000000e1700000| Untracked |  0
|  24|0x00000000e1800000, 0x00000000e18ffff8, 0x00000000e1900000| 99%| O|  |TAMS 0x00000000e1800000| PB 0x00000000e1800000| Untracked |  0
|  25|0x00000000e1900000, 0x00000000e19fffc8, 0x00000000e1a00000| 99%| O|  |TAMS 0x00000000e1900000| PB 0x00000000e1900000| Untracked |  0
|  26|0x00000000e1a00000, 0x00000000e1affff8, 0x00000000e1b00000| 99%| O|  |TAMS 0x00000000e1a00000| PB 0x00000000e1a00000| Untracked |  0
|  27|0x00000000e1b00000, 0x00000000e1bfffe0, 0x00000000e1c00000| 99%| O|  |TAMS 0x00000000e1b00000| PB 0x00000000e1b00000| Untracked |  0
|  28|0x00000000e1c00000, 0x00000000e1cffff0, 0x00000000e1d00000| 99%| O|  |TAMS 0x00000000e1c00000| PB 0x00000000e1c00000| Untracked |  0
|  29|0x00000000e1d00000, 0x00000000e1e00000, 0x00000000e1e00000|100%| O|  |TAMS 0x00000000e1d00000| PB 0x00000000e1d00000| Untracked |  0
|  30|0x00000000e1e00000, 0x00000000e1ef2e90, 0x00000000e1f00000| 94%| O|  |TAMS 0x00000000e1e00000| PB 0x00000000e1e00000| Untracked |  0
|  31|0x00000000e1f00000, 0x00000000e1fffff0, 0x00000000e2000000| 99%| O|  |TAMS 0x00000000e1f00000| PB 0x00000000e1f00000| Untracked |  0
|  32|0x00000000e2000000, 0x00000000e20ffff0, 0x00000000e2100000| 99%| O|  |TAMS 0x00000000e2000000| PB 0x00000000e2000000| Untracked |  0
|  33|0x00000000e2100000, 0x00000000e21fffd8, 0x00000000e2200000| 99%| O|  |TAMS 0x00000000e2100000| PB 0x00000000e2100000| Untracked |  0
|  34|0x00000000e2200000, 0x00000000e22fffe8, 0x00000000e2300000| 99%| O|  |TAMS 0x00000000e2200000| PB 0x00000000e2200000| Untracked |  0
|  35|0x00000000e2300000, 0x00000000e23fff90, 0x00000000e2400000| 99%| O|  |TAMS 0x00000000e2300000| PB 0x00000000e2300000| Untracked |  0
|  36|0x00000000e2400000, 0x00000000e24fffe8, 0x00000000e2500000| 99%| O|  |TAMS 0x00000000e2400000| PB 0x00000000e2400000| Untracked |  0
|  37|0x00000000e2500000, 0x00000000e25ffff0, 0x00000000e2600000| 99%| O|  |TAMS 0x00000000e2500000| PB 0x00000000e2500000| Untracked |  0
|  38|0x00000000e2600000, 0x00000000e26ffff8, 0x00000000e2700000| 99%| O|  |TAMS 0x00000000e2600000| PB 0x00000000e2600000| Untracked |  0
|  39|0x00000000e2700000, 0x00000000e27ffff0, 0x00000000e2800000| 99%| O|  |TAMS 0x00000000e2700000| PB 0x00000000e2700000| Untracked |  0
|  40|0x00000000e2800000, 0x00000000e2900000, 0x00000000e2900000|100%| O|  |TAMS 0x00000000e2800000| PB 0x00000000e2800000| Untracked |  0
|  41|0x00000000e2900000, 0x00000000e29f94e0, 0x00000000e2a00000| 97%| O|  |TAMS 0x00000000e2900000| PB 0x00000000e2900000| Untracked |  0
|  42|0x00000000e2a00000, 0x00000000e2afff80, 0x00000000e2b00000| 99%| O|  |TAMS 0x00000000e2a00000| PB 0x00000000e2a00000| Untracked |  0
|  43|0x00000000e2b00000, 0x00000000e2bfffe8, 0x00000000e2c00000| 99%| O|  |TAMS 0x00000000e2b00000| PB 0x00000000e2b00000| Untracked |  0
|  44|0x00000000e2c00000, 0x00000000e2cffff8, 0x00000000e2d00000| 99%| O|  |TAMS 0x00000000e2c00000| PB 0x00000000e2c00000| Untracked |  0
|  45|0x00000000e2d00000, 0x00000000e2dfff88, 0x00000000e2e00000| 99%| O|  |TAMS 0x00000000e2d00000| PB 0x00000000e2d00000| Untracked |  0
|  46|0x00000000e2e00000, 0x00000000e2f00000, 0x00000000e2f00000|100%| O|  |TAMS 0x00000000e2e00000| PB 0x00000000e2e00000| Untracked |  0
|  47|0x00000000e2f00000, 0x00000000e2fffff8, 0x00000000e3000000| 99%| O|  |TAMS 0x00000000e2f00000| PB 0x00000000e2f00000| Untracked |  0
|  48|0x00000000e3000000, 0x00000000e30fffe0, 0x00000000e3100000| 99%| O|  |TAMS 0x00000000e3000000| PB 0x00000000e3000000| Untracked |  0
|  49|0x00000000e3100000, 0x00000000e31ffff8, 0x00000000e3200000| 99%| O|  |TAMS 0x00000000e3100000| PB 0x00000000e3100000| Untracked |  0
|  50|0x00000000e3200000, 0x00000000e3300000, 0x00000000e3300000|100%| O|  |TAMS 0x00000000e3200000| PB 0x00000000e3200000| Untracked |  0
|  51|0x00000000e3300000, 0x00000000e33fbf90, 0x00000000e3400000| 98%| O|  |TAMS 0x00000000e3300000| PB 0x00000000e3300000| Untracked |  0
|  52|0x00000000e3400000, 0x00000000e34ffff8, 0x00000000e3500000| 99%| O|  |TAMS 0x00000000e3400000| PB 0x00000000e3400000| Untracked |  0
|  53|0x00000000e3500000, 0x00000000e35ffff8, 0x00000000e3600000| 99%| O|  |TAMS 0x00000000e3500000| PB 0x00000000e3500000| Untracked |  0
|  54|0x00000000e3600000, 0x00000000e36ffff8, 0x00000000e3700000| 99%| O|  |TAMS 0x00000000e3600000| PB 0x00000000e3600000| Untracked |  0
|  55|0x00000000e3700000, 0x00000000e37ffff0, 0x00000000e3800000| 99%| O|  |TAMS 0x00000000e3700000| PB 0x00000000e3700000| Untracked |  0
|  56|0x00000000e3800000, 0x00000000e38ffff0, 0x00000000e3900000| 99%| O|  |TAMS 0x00000000e3800000| PB 0x00000000e3800000| Untracked |  0
|  57|0x00000000e3900000, 0x00000000e39fffe8, 0x00000000e3a00000| 99%| O|  |TAMS 0x00000000e3900000| PB 0x00000000e3900000| Untracked |  0
|  58|0x00000000e3a00000, 0x00000000e3affa10, 0x00000000e3b00000| 99%| O|  |TAMS 0x00000000e3a00000| PB 0x00000000e3a00000| Untracked |  0
|  59|0x00000000e3b00000, 0x00000000e3bfffe8, 0x00000000e3c00000| 99%| O|  |TAMS 0x00000000e3b00000| PB 0x00000000e3b00000| Untracked |  0
|  60|0x00000000e3c00000, 0x00000000e3cfffc8, 0x00000000e3d00000| 99%| O|Cm|TAMS 0x00000000e3c00000| PB 0x00000000e3c00000| Complete |  0
|  61|0x00000000e3d00000, 0x00000000e3dffff0, 0x00000000e3e00000| 99%| O|  |TAMS 0x00000000e3d00000| PB 0x00000000e3d00000| Untracked |  0
|  62|0x00000000e3e00000, 0x00000000e3effff8, 0x00000000e3f00000| 99%| O|  |TAMS 0x00000000e3e00000| PB 0x00000000e3e00000| Untracked |  0
|  63|0x00000000e3f00000, 0x00000000e3fffff8, 0x00000000e4000000| 99%| O|  |TAMS 0x00000000e3f00000| PB 0x00000000e3f00000| Untracked |  0
|  64|0x00000000e4000000, 0x00000000e4100000, 0x00000000e4100000|100%| O|  |TAMS 0x00000000e4000000| PB 0x00000000e4000000| Untracked |  0
|  65|0x00000000e4100000, 0x00000000e41ffff0, 0x00000000e4200000| 99%| O|Cm|TAMS 0x00000000e4100000| PB 0x00000000e4100000| Complete |  0
|  66|0x00000000e4200000, 0x00000000e42ffff8, 0x00000000e4300000| 99%| O|  |TAMS 0x00000000e4200000| PB 0x00000000e4200000| Untracked |  0
|  67|0x00000000e4300000, 0x00000000e43ffff8, 0x00000000e4400000| 99%| O|  |TAMS 0x00000000e4300000| PB 0x00000000e4300000| Untracked |  0
|  68|0x00000000e4400000, 0x00000000e44ffff8, 0x00000000e4500000| 99%| O|  |TAMS 0x00000000e4400000| PB 0x00000000e4400000| Untracked |  0
|  69|0x00000000e4500000, 0x00000000e45ffff8, 0x00000000e4600000| 99%| O|  |TAMS 0x00000000e4500000| PB 0x00000000e4500000| Untracked |  0
|  70|0x00000000e4600000, 0x00000000e46fd2b8, 0x00000000e4700000| 98%| O|  |TAMS 0x00000000e4600000| PB 0x00000000e4600000| Untracked |  0
|  71|0x00000000e4700000, 0x00000000e47ffb58, 0x00000000e4800000| 99%| O|  |TAMS 0x00000000e4700000| PB 0x00000000e4700000| Untracked |  0
|  72|0x00000000e4800000, 0x00000000e4857218, 0x00000000e4900000| 34%| O|  |TAMS 0x00000000e4800000| PB 0x00000000e4800000| Untracked |  0
|  73|0x00000000e4900000, 0x00000000e49fffd8, 0x00000000e4a00000| 99%| O|  |TAMS 0x00000000e4900000| PB 0x00000000e4900000| Untracked |  0
|  74|0x00000000e4a00000, 0x00000000e4affff8, 0x00000000e4b00000| 99%| O|  |TAMS 0x00000000e4a00000| PB 0x00000000e4a00000| Untracked |  0
|  75|0x00000000e4b00000, 0x00000000e4b00000, 0x00000000e4c00000|  0%| F|  |TAMS 0x00000000e4b00000| PB 0x00000000e4b00000| Untracked |  0
|  76|0x00000000e4c00000, 0x00000000e4d00000, 0x00000000e4d00000|100%| O|  |TAMS 0x00000000e4c00000| PB 0x00000000e4c00000| Untracked |  0
|  77|0x00000000e4d00000, 0x00000000e4dffff0, 0x00000000e4e00000| 99%| O|  |TAMS 0x00000000e4d00000| PB 0x00000000e4d00000| Untracked |  0
|  78|0x00000000e4e00000, 0x00000000e4effff8, 0x00000000e4f00000| 99%| O|Cm|TAMS 0x00000000e4e00000| PB 0x00000000e4e00000| Complete |  0
|  79|0x00000000e4f00000, 0x00000000e4fffff8, 0x00000000e5000000| 99%| O|  |TAMS 0x00000000e4f00000| PB 0x00000000e4f00000| Untracked |  0
|  80|0x00000000e5000000, 0x00000000e50ffff8, 0x00000000e5100000| 99%| O|  |TAMS 0x00000000e5000000| PB 0x00000000e5000000| Untracked |  0
|  81|0x00000000e5100000, 0x00000000e51fff50, 0x00000000e5200000| 99%| O|  |TAMS 0x00000000e5100000| PB 0x00000000e5100000| Untracked |  0
|  82|0x00000000e5200000, 0x00000000e52fffe0, 0x00000000e5300000| 99%| O|Cm|TAMS 0x00000000e5200000| PB 0x00000000e5200000| Complete |  0
|  83|0x00000000e5300000, 0x00000000e53fffd0, 0x00000000e5400000| 99%| O|  |TAMS 0x00000000e5300000| PB 0x00000000e5300000| Untracked |  0
|  84|0x00000000e5400000, 0x00000000e5400000, 0x00000000e5500000|  0%| F|  |TAMS 0x00000000e5400000| PB 0x00000000e5400000| Untracked |  0
|  85|0x00000000e5500000, 0x00000000e55ffff0, 0x00000000e5600000| 99%| O|  |TAMS 0x00000000e5500000| PB 0x00000000e5500000| Untracked |  0
|  86|0x00000000e5600000, 0x00000000e56ffff8, 0x00000000e5700000| 99%| O|  |TAMS 0x00000000e5600000| PB 0x00000000e5600000| Untracked |  0
|  87|0x00000000e5700000, 0x00000000e5700000, 0x00000000e5800000|  0%| F|  |TAMS 0x00000000e5700000| PB 0x00000000e5700000| Untracked |  0
|  88|0x00000000e5800000, 0x00000000e5800000, 0x00000000e5900000|  0%| F|  |TAMS 0x00000000e5800000| PB 0x00000000e5800000| Untracked |  0
|  89|0x00000000e5900000, 0x00000000e59f6498, 0x00000000e5a00000| 96%| O|  |TAMS 0x00000000e5900000| PB 0x00000000e5900000| Untracked |  0
|  90|0x00000000e5a00000, 0x00000000e5afffd0, 0x00000000e5b00000| 99%| O|  |TAMS 0x00000000e5a00000| PB 0x00000000e5a00000| Untracked |  0
|  91|0x00000000e5b00000, 0x00000000e5c00000, 0x00000000e5c00000|100%| O|  |TAMS 0x00000000e5b00000| PB 0x00000000e5b00000| Untracked |  0
|  92|0x00000000e5c00000, 0x00000000e5c00000, 0x00000000e5d00000|  0%| F|  |TAMS 0x00000000e5c00000| PB 0x00000000e5c00000| Untracked |  0
|  93|0x00000000e5d00000, 0x00000000e5e00000, 0x00000000e5e00000|100%| O|Cm|TAMS 0x00000000e5d00000| PB 0x00000000e5d00000| Complete |  0
|  94|0x00000000e5e00000, 0x00000000e5e00000, 0x00000000e5f00000|  0%| F|  |TAMS 0x00000000e5e00000| PB 0x00000000e5e00000| Untracked |  0
|  95|0x00000000e5f00000, 0x00000000e5f00000, 0x00000000e6000000|  0%| F|  |TAMS 0x00000000e5f00000| PB 0x00000000e5f00000| Untracked |  0
|  96|0x00000000e6000000, 0x00000000e6000000, 0x00000000e6100000|  0%| F|  |TAMS 0x00000000e6000000| PB 0x00000000e6000000| Untracked |  0
|  97|0x00000000e6100000, 0x00000000e61fc2b0, 0x00000000e6200000| 98%| O|  |TAMS 0x00000000e6100000| PB 0x00000000e6100000| Untracked |  0
|  98|0x00000000e6200000, 0x00000000e6200000, 0x00000000e6300000|  0%| F|  |TAMS 0x00000000e6200000| PB 0x00000000e6200000| Untracked |  0
|  99|0x00000000e6300000, 0x00000000e63b17f8, 0x00000000e6400000| 69%| O|Cm|TAMS 0x00000000e6300000| PB 0x00000000e6300000| Complete |  0
| 100|0x00000000e6400000, 0x00000000e6400000, 0x00000000e6500000|  0%| F|  |TAMS 0x00000000e6400000| PB 0x00000000e6400000| Untracked |  0
| 101|0x00000000e6500000, 0x00000000e65fb1e8, 0x00000000e6600000| 98%| O|  |TAMS 0x00000000e6500000| PB 0x00000000e6500000| Untracked |  0
| 102|0x00000000e6600000, 0x00000000e6600000, 0x00000000e6700000|  0%| F|  |TAMS 0x00000000e6600000| PB 0x00000000e6600000| Untracked |  0
| 103|0x00000000e6700000, 0x00000000e6700000, 0x00000000e6800000|  0%| F|  |TAMS 0x00000000e6700000| PB 0x00000000e6700000| Untracked |  0
| 104|0x00000000e6800000, 0x00000000e6800000, 0x00000000e6900000|  0%| F|  |TAMS 0x00000000e6800000| PB 0x00000000e6800000| Untracked |  0
| 105|0x00000000e6900000, 0x00000000e6900000, 0x00000000e6a00000|  0%| F|  |TAMS 0x00000000e6900000| PB 0x00000000e6900000| Untracked |  0
| 106|0x00000000e6a00000, 0x00000000e6a00000, 0x00000000e6b00000|  0%| F|  |TAMS 0x00000000e6a00000| PB 0x00000000e6a00000| Untracked |  0
| 107|0x00000000e6b00000, 0x00000000e6b00000, 0x00000000e6c00000|  0%| F|  |TAMS 0x00000000e6b00000| PB 0x00000000e6b00000| Untracked |  0
| 108|0x00000000e6c00000, 0x00000000e6c00000, 0x00000000e6d00000|  0%| F|  |TAMS 0x00000000e6c00000| PB 0x00000000e6c00000| Untracked |  0
| 109|0x00000000e6d00000, 0x00000000e6d00000, 0x00000000e6e00000|  0%| F|  |TAMS 0x00000000e6d00000| PB 0x00000000e6d00000| Untracked |  0
| 110|0x00000000e6e00000, 0x00000000e6e00000, 0x00000000e6f00000|  0%| F|  |TAMS 0x00000000e6e00000| PB 0x00000000e6e00000| Untracked |  0
| 111|0x00000000e6f00000, 0x00000000e6f00000, 0x00000000e7000000|  0%| F|  |TAMS 0x00000000e6f00000| PB 0x00000000e6f00000| Untracked |  0
| 112|0x00000000e7000000, 0x00000000e7000000, 0x00000000e7100000|  0%| F|  |TAMS 0x00000000e7000000| PB 0x00000000e7000000| Untracked |  0
| 113|0x00000000e7100000, 0x00000000e7100000, 0x00000000e7200000|  0%| F|  |TAMS 0x00000000e7100000| PB 0x00000000e7100000| Untracked |  0
| 114|0x00000000e7200000, 0x00000000e7200000, 0x00000000e7300000|  0%| F|  |TAMS 0x00000000e7200000| PB 0x00000000e7200000| Untracked |  0
| 115|0x00000000e7300000, 0x00000000e7300000, 0x00000000e7400000|  0%| F|  |TAMS 0x00000000e7300000| PB 0x00000000e7300000| Untracked |  0
| 116|0x00000000e7400000, 0x00000000e7400000, 0x00000000e7500000|  0%| F|  |TAMS 0x00000000e7400000| PB 0x00000000e7400000| Untracked |  0
| 117|0x00000000e7500000, 0x00000000e7500000, 0x00000000e7600000|  0%| F|  |TAMS 0x00000000e7500000| PB 0x00000000e7500000| Untracked |  0
| 118|0x00000000e7600000, 0x00000000e7600000, 0x00000000e7700000|  0%| F|  |TAMS 0x00000000e7600000| PB 0x00000000e7600000| Untracked |  0
| 119|0x00000000e7700000, 0x00000000e7700000, 0x00000000e7800000|  0%| F|  |TAMS 0x00000000e7700000| PB 0x00000000e7700000| Untracked |  0
| 120|0x00000000e7800000, 0x00000000e7800000, 0x00000000e7900000|  0%| F|  |TAMS 0x00000000e7800000| PB 0x00000000e7800000| Untracked |  0
| 121|0x00000000e7900000, 0x00000000e7900000, 0x00000000e7a00000|  0%| F|  |TAMS 0x00000000e7900000| PB 0x00000000e7900000| Untracked |  0
| 122|0x00000000e7a00000, 0x00000000e7a00000, 0x00000000e7b00000|  0%| F|  |TAMS 0x00000000e7a00000| PB 0x00000000e7a00000| Untracked |  0
| 123|0x00000000e7b00000, 0x00000000e7b00000, 0x00000000e7c00000|  0%| F|  |TAMS 0x00000000e7b00000| PB 0x00000000e7b00000| Untracked |  0
| 124|0x00000000e7c00000, 0x00000000e7c00000, 0x00000000e7d00000|  0%| F|  |TAMS 0x00000000e7c00000| PB 0x00000000e7c00000| Untracked |  0
| 125|0x00000000e7d00000, 0x00000000e7d00000, 0x00000000e7e00000|  0%| F|  |TAMS 0x00000000e7d00000| PB 0x00000000e7d00000| Untracked |  0
| 126|0x00000000e7e00000, 0x00000000e7e00000, 0x00000000e7f00000|  0%| F|  |TAMS 0x00000000e7e00000| PB 0x00000000e7e00000| Untracked |  0
| 127|0x00000000e7f00000, 0x00000000e7f00000, 0x00000000e8000000|  0%| F|  |TAMS 0x00000000e7f00000| PB 0x00000000e7f00000| Untracked |  0
| 128|0x00000000e8000000, 0x00000000e8000000, 0x00000000e8100000|  0%| F|  |TAMS 0x00000000e8000000| PB 0x00000000e8000000| Untracked |  0
| 129|0x00000000e8100000, 0x00000000e8100000, 0x00000000e8200000|  0%| F|  |TAMS 0x00000000e8100000| PB 0x00000000e8100000| Untracked |  0
| 130|0x00000000e8200000, 0x00000000e8200000, 0x00000000e8300000|  0%| F|  |TAMS 0x00000000e8200000| PB 0x00000000e8200000| Untracked |  0
| 131|0x00000000e8300000, 0x00000000e8300000, 0x00000000e8400000|  0%| F|  |TAMS 0x00000000e8300000| PB 0x00000000e8300000| Untracked |  0
| 132|0x00000000e8400000, 0x00000000e8400000, 0x00000000e8500000|  0%| F|  |TAMS 0x00000000e8400000| PB 0x00000000e8400000| Untracked |  0
| 133|0x00000000e8500000, 0x00000000e8500000, 0x00000000e8600000|  0%| F|  |TAMS 0x00000000e8500000| PB 0x00000000e8500000| Untracked |  0
| 134|0x00000000e8600000, 0x00000000e8600000, 0x00000000e8700000|  0%| F|  |TAMS 0x00000000e8600000| PB 0x00000000e8600000| Untracked |  0
| 135|0x00000000e8700000, 0x00000000e8700000, 0x00000000e8800000|  0%| F|  |TAMS 0x00000000e8700000| PB 0x00000000e8700000| Untracked |  0
| 136|0x00000000e8800000, 0x00000000e8800000, 0x00000000e8900000|  0%| F|  |TAMS 0x00000000e8800000| PB 0x00000000e8800000| Untracked |  0
| 137|0x00000000e8900000, 0x00000000e8900000, 0x00000000e8a00000|  0%| F|  |TAMS 0x00000000e8900000| PB 0x00000000e8900000| Untracked |  0
| 138|0x00000000e8a00000, 0x00000000e8a00000, 0x00000000e8b00000|  0%| F|  |TAMS 0x00000000e8a00000| PB 0x00000000e8a00000| Untracked |  0
| 139|0x00000000e8b00000, 0x00000000e8b00000, 0x00000000e8c00000|  0%| F|  |TAMS 0x00000000e8b00000| PB 0x00000000e8b00000| Untracked |  0
| 140|0x00000000e8c00000, 0x00000000e8c00000, 0x00000000e8d00000|  0%| F|  |TAMS 0x00000000e8c00000| PB 0x00000000e8c00000| Untracked |  0
| 141|0x00000000e8d00000, 0x00000000e8d868d0, 0x00000000e8e00000| 52%| S|CS|TAMS 0x00000000e8d00000| PB 0x00000000e8d00000| Complete |  0
| 142|0x00000000e8e00000, 0x00000000e8f00000, 0x00000000e8f00000|100%| S|CS|TAMS 0x00000000e8e00000| PB 0x00000000e8e00000| Complete |  0
| 143|0x00000000e8f00000, 0x00000000e9000000, 0x00000000e9000000|100%| S|CS|TAMS 0x00000000e8f00000| PB 0x00000000e8f00000| Complete |  0
| 144|0x00000000e9000000, 0x00000000e9100000, 0x00000000e9100000|100%| S|CS|TAMS 0x00000000e9000000| PB 0x00000000e9000000| Complete |  0
| 145|0x00000000e9100000, 0x00000000e9200000, 0x00000000e9200000|100%| S|CS|TAMS 0x00000000e9100000| PB 0x00000000e9100000| Complete |  0
| 146|0x00000000e9200000, 0x00000000e9300000, 0x00000000e9300000|100%| S|CS|TAMS 0x00000000e9200000| PB 0x00000000e9200000| Complete |  0
| 147|0x00000000e9300000, 0x00000000e9400000, 0x00000000e9400000|100%| S|CS|TAMS 0x00000000e9300000| PB 0x00000000e9300000| Complete |  0
| 148|0x00000000e9400000, 0x00000000e9500000, 0x00000000e9500000|100%| S|CS|TAMS 0x00000000e9400000| PB 0x00000000e9400000| Complete |  0
| 149|0x00000000e9500000, 0x00000000e9600000, 0x00000000e9600000|100%| S|CS|TAMS 0x00000000e9500000| PB 0x00000000e9500000| Complete |  0
| 150|0x00000000e9600000, 0x00000000e9700000, 0x00000000e9700000|100%| S|CS|TAMS 0x00000000e9600000| PB 0x00000000e9600000| Complete |  0
| 151|0x00000000e9700000, 0x00000000e9800000, 0x00000000e9800000|100%| S|CS|TAMS 0x00000000e9700000| PB 0x00000000e9700000| Complete |  0
| 152|0x00000000e9800000, 0x00000000e9900000, 0x00000000e9900000|100%| S|CS|TAMS 0x00000000e9800000| PB 0x00000000e9800000| Complete |  0
| 153|0x00000000e9900000, 0x00000000e9900000, 0x00000000e9a00000|  0%| F|  |TAMS 0x00000000e9900000| PB 0x00000000e9900000| Untracked |  0
| 154|0x00000000e9a00000, 0x00000000e9a00000, 0x00000000e9b00000|  0%| F|  |TAMS 0x00000000e9a00000| PB 0x00000000e9a00000| Untracked |  0
| 155|0x00000000e9b00000, 0x00000000e9b00000, 0x00000000e9c00000|  0%| F|  |TAMS 0x00000000e9b00000| PB 0x00000000e9b00000| Untracked |  0
| 156|0x00000000e9c00000, 0x00000000e9c00000, 0x00000000e9d00000|  0%| F|  |TAMS 0x00000000e9c00000| PB 0x00000000e9c00000| Untracked |  0
| 157|0x00000000e9d00000, 0x00000000e9d00000, 0x00000000e9e00000|  0%| F|  |TAMS 0x00000000e9d00000| PB 0x00000000e9d00000| Untracked |  0
| 158|0x00000000e9e00000, 0x00000000e9e00000, 0x00000000e9f00000|  0%| F|  |TAMS 0x00000000e9e00000| PB 0x00000000e9e00000| Untracked |  0
| 159|0x00000000e9f00000, 0x00000000e9f00000, 0x00000000ea000000|  0%| F|  |TAMS 0x00000000e9f00000| PB 0x00000000e9f00000| Untracked |  0
| 160|0x00000000ea000000, 0x00000000ea000000, 0x00000000ea100000|  0%| F|  |TAMS 0x00000000ea000000| PB 0x00000000ea000000| Untracked |  0
| 161|0x00000000ea100000, 0x00000000ea100000, 0x00000000ea200000|  0%| F|  |TAMS 0x00000000ea100000| PB 0x00000000ea100000| Untracked |  0
| 162|0x00000000ea200000, 0x00000000ea200000, 0x00000000ea300000|  0%| F|  |TAMS 0x00000000ea200000| PB 0x00000000ea200000| Untracked |  0
| 163|0x00000000ea300000, 0x00000000ea300000, 0x00000000ea400000|  0%| F|  |TAMS 0x00000000ea300000| PB 0x00000000ea300000| Untracked |  0
| 164|0x00000000ea400000, 0x00000000ea400000, 0x00000000ea500000|  0%| F|  |TAMS 0x00000000ea400000| PB 0x00000000ea400000| Untracked |  0
| 165|0x00000000ea500000, 0x00000000ea500000, 0x00000000ea600000|  0%| F|  |TAMS 0x00000000ea500000| PB 0x00000000ea500000| Untracked |  0
| 166|0x00000000ea600000, 0x00000000ea600000, 0x00000000ea700000|  0%| F|  |TAMS 0x00000000ea600000| PB 0x00000000ea600000| Untracked |  0
| 167|0x00000000ea700000, 0x00000000ea800000, 0x00000000ea800000|100%| S|CS|TAMS 0x00000000ea700000| PB 0x00000000ea700000| Complete |  0
| 168|0x00000000ea800000, 0x00000000ea900000, 0x00000000ea900000|100%| S|CS|TAMS 0x00000000ea800000| PB 0x00000000ea800000| Complete |  0
| 169|0x00000000ea900000, 0x00000000ea900000, 0x00000000eaa00000|  0%| F|  |TAMS 0x00000000ea900000| PB 0x00000000ea900000| Untracked |  0
| 170|0x00000000eaa00000, 0x00000000eaa00000, 0x00000000eab00000|  0%| F|  |TAMS 0x00000000eaa00000| PB 0x00000000eaa00000| Untracked |  0
| 171|0x00000000eab00000, 0x00000000eab00000, 0x00000000eac00000|  0%| F|  |TAMS 0x00000000eab00000| PB 0x00000000eab00000| Untracked |  0
| 172|0x00000000eac00000, 0x00000000eac00000, 0x00000000ead00000|  0%| F|  |TAMS 0x00000000eac00000| PB 0x00000000eac00000| Untracked |  0
| 173|0x00000000ead00000, 0x00000000ead00000, 0x00000000eae00000|  0%| F|  |TAMS 0x00000000ead00000| PB 0x00000000ead00000| Untracked |  0
| 174|0x00000000eae00000, 0x00000000eae00000, 0x00000000eaf00000|  0%| F|  |TAMS 0x00000000eae00000| PB 0x00000000eae00000| Untracked |  0
| 175|0x00000000eaf00000, 0x00000000eaf00000, 0x00000000eb000000|  0%| F|  |TAMS 0x00000000eaf00000| PB 0x00000000eaf00000| Untracked |  0
| 176|0x00000000eb000000, 0x00000000eb000000, 0x00000000eb100000|  0%| F|  |TAMS 0x00000000eb000000| PB 0x00000000eb000000| Untracked |  0
| 177|0x00000000eb100000, 0x00000000eb100000, 0x00000000eb200000|  0%| F|  |TAMS 0x00000000eb100000| PB 0x00000000eb100000| Untracked |  0
| 178|0x00000000eb200000, 0x00000000eb200000, 0x00000000eb300000|  0%| F|  |TAMS 0x00000000eb200000| PB 0x00000000eb200000| Untracked |  0
| 179|0x00000000eb300000, 0x00000000eb300000, 0x00000000eb400000|  0%| F|  |TAMS 0x00000000eb300000| PB 0x00000000eb300000| Untracked |  0
| 180|0x00000000eb400000, 0x00000000eb400000, 0x00000000eb500000|  0%| F|  |TAMS 0x00000000eb400000| PB 0x00000000eb400000| Untracked |  0
| 181|0x00000000eb500000, 0x00000000eb500000, 0x00000000eb600000|  0%| F|  |TAMS 0x00000000eb500000| PB 0x00000000eb500000| Untracked |  0
| 182|0x00000000eb600000, 0x00000000eb600000, 0x00000000eb700000|  0%| F|  |TAMS 0x00000000eb600000| PB 0x00000000eb600000| Untracked |  0
| 183|0x00000000eb700000, 0x00000000eb700000, 0x00000000eb800000|  0%| F|  |TAMS 0x00000000eb700000| PB 0x00000000eb700000| Untracked |  0
| 184|0x00000000eb800000, 0x00000000eb800000, 0x00000000eb900000|  0%| F|  |TAMS 0x00000000eb800000| PB 0x00000000eb800000| Untracked |  0
| 185|0x00000000eb900000, 0x00000000eb900000, 0x00000000eba00000|  0%| F|  |TAMS 0x00000000eb900000| PB 0x00000000eb900000| Untracked |  0
| 186|0x00000000eba00000, 0x00000000eba00000, 0x00000000ebb00000|  0%| F|  |TAMS 0x00000000eba00000| PB 0x00000000eba00000| Untracked |  0
| 187|0x00000000ebb00000, 0x00000000ebb00000, 0x00000000ebc00000|  0%| F|  |TAMS 0x00000000ebb00000| PB 0x00000000ebb00000| Untracked |  0
| 188|0x00000000ebc00000, 0x00000000ebc00000, 0x00000000ebd00000|  0%| F|  |TAMS 0x00000000ebc00000| PB 0x00000000ebc00000| Untracked |  0
| 189|0x00000000ebd00000, 0x00000000ebd00000, 0x00000000ebe00000|  0%| F|  |TAMS 0x00000000ebd00000| PB 0x00000000ebd00000| Untracked |  0
| 190|0x00000000ebe00000, 0x00000000ebe00000, 0x00000000ebf00000|  0%| F|  |TAMS 0x00000000ebe00000| PB 0x00000000ebe00000| Untracked |  0
| 191|0x00000000ebf00000, 0x00000000ebf00000, 0x00000000ec000000|  0%| F|  |TAMS 0x00000000ebf00000| PB 0x00000000ebf00000| Untracked |  0
| 192|0x00000000ec000000, 0x00000000ec000000, 0x00000000ec100000|  0%| F|  |TAMS 0x00000000ec000000| PB 0x00000000ec000000| Untracked |  0
| 193|0x00000000ec100000, 0x00000000ec100000, 0x00000000ec200000|  0%| F|  |TAMS 0x00000000ec100000| PB 0x00000000ec100000| Untracked |  0
| 194|0x00000000ec200000, 0x00000000ec200000, 0x00000000ec300000|  0%| F|  |TAMS 0x00000000ec200000| PB 0x00000000ec200000| Untracked |  0
| 195|0x00000000ec300000, 0x00000000ec300000, 0x00000000ec400000|  0%| F|  |TAMS 0x00000000ec300000| PB 0x00000000ec300000| Untracked |  0
| 196|0x00000000ec400000, 0x00000000ec400000, 0x00000000ec500000|  0%| F|  |TAMS 0x00000000ec400000| PB 0x00000000ec400000| Untracked |  0
| 197|0x00000000ec500000, 0x00000000ec500000, 0x00000000ec600000|  0%| F|  |TAMS 0x00000000ec500000| PB 0x00000000ec500000| Untracked |  0
| 198|0x00000000ec600000, 0x00000000ec600000, 0x00000000ec700000|  0%| F|  |TAMS 0x00000000ec600000| PB 0x00000000ec600000| Untracked |  0
| 199|0x00000000ec700000, 0x00000000ec700000, 0x00000000ec800000|  0%| F|  |TAMS 0x00000000ec700000| PB 0x00000000ec700000| Untracked |  0
| 200|0x00000000ec800000, 0x00000000ec800000, 0x00000000ec900000|  0%| F|  |TAMS 0x00000000ec800000| PB 0x00000000ec800000| Untracked |  0
| 201|0x00000000ec900000, 0x00000000ec900000, 0x00000000eca00000|  0%| F|  |TAMS 0x00000000ec900000| PB 0x00000000ec900000| Untracked |  0
| 202|0x00000000eca00000, 0x00000000eca00000, 0x00000000ecb00000|  0%| F|  |TAMS 0x00000000eca00000| PB 0x00000000eca00000| Untracked |  0
| 203|0x00000000ecb00000, 0x00000000ecb00000, 0x00000000ecc00000|  0%| F|  |TAMS 0x00000000ecb00000| PB 0x00000000ecb00000| Untracked |  0
| 204|0x00000000ecc00000, 0x00000000ecc00000, 0x00000000ecd00000|  0%| F|  |TAMS 0x00000000ecc00000| PB 0x00000000ecc00000| Untracked |  0
| 205|0x00000000ecd00000, 0x00000000ecd00000, 0x00000000ece00000|  0%| F|  |TAMS 0x00000000ecd00000| PB 0x00000000ecd00000| Untracked |  0
| 206|0x00000000ece00000, 0x00000000ece00000, 0x00000000ecf00000|  0%| F|  |TAMS 0x00000000ece00000| PB 0x00000000ece00000| Untracked |  0
| 207|0x00000000ecf00000, 0x00000000ecf00000, 0x00000000ed000000|  0%| F|  |TAMS 0x00000000ecf00000| PB 0x00000000ecf00000| Untracked |  0
| 208|0x00000000ed000000, 0x00000000ed000000, 0x00000000ed100000|  0%| F|  |TAMS 0x00000000ed000000| PB 0x00000000ed000000| Untracked |  0
| 209|0x00000000ed100000, 0x00000000ed100000, 0x00000000ed200000|  0%| F|  |TAMS 0x00000000ed100000| PB 0x00000000ed100000| Untracked |  0
| 210|0x00000000ed200000, 0x00000000ed200000, 0x00000000ed300000|  0%| F|  |TAMS 0x00000000ed200000| PB 0x00000000ed200000| Untracked |  0
| 211|0x00000000ed300000, 0x00000000ed300000, 0x00000000ed400000|  0%| F|  |TAMS 0x00000000ed300000| PB 0x00000000ed300000| Untracked |  0
| 212|0x00000000ed400000, 0x00000000ed400000, 0x00000000ed500000|  0%| F|  |TAMS 0x00000000ed400000| PB 0x00000000ed400000| Untracked |  0
| 213|0x00000000ed500000, 0x00000000ed500000, 0x00000000ed600000|  0%| F|  |TAMS 0x00000000ed500000| PB 0x00000000ed500000| Untracked |  0
| 214|0x00000000ed600000, 0x00000000ed600000, 0x00000000ed700000|  0%| F|  |TAMS 0x00000000ed600000| PB 0x00000000ed600000| Untracked |  0
| 215|0x00000000ed700000, 0x00000000ed700000, 0x00000000ed800000|  0%| F|  |TAMS 0x00000000ed700000| PB 0x00000000ed700000| Untracked |  0
| 216|0x00000000ed800000, 0x00000000ed800000, 0x00000000ed900000|  0%| F|  |TAMS 0x00000000ed800000| PB 0x00000000ed800000| Untracked |  0
| 217|0x00000000ed900000, 0x00000000ed900000, 0x00000000eda00000|  0%| F|  |TAMS 0x00000000ed900000| PB 0x00000000ed900000| Untracked |  0
| 218|0x00000000eda00000, 0x00000000eda00000, 0x00000000edb00000|  0%| F|  |TAMS 0x00000000eda00000| PB 0x00000000eda00000| Untracked |  0
| 219|0x00000000edb00000, 0x00000000edb00000, 0x00000000edc00000|  0%| F|  |TAMS 0x00000000edb00000| PB 0x00000000edb00000| Untracked |  0
| 220|0x00000000edc00000, 0x00000000edc00000, 0x00000000edd00000|  0%| F|  |TAMS 0x00000000edc00000| PB 0x00000000edc00000| Untracked |  0
| 221|0x00000000edd00000, 0x00000000edd00000, 0x00000000ede00000|  0%| F|  |TAMS 0x00000000edd00000| PB 0x00000000edd00000| Untracked |  0
| 222|0x00000000ede00000, 0x00000000ede00000, 0x00000000edf00000|  0%| F|  |TAMS 0x00000000ede00000| PB 0x00000000ede00000| Untracked |  0
| 223|0x00000000edf00000, 0x00000000edf00000, 0x00000000ee000000|  0%| F|  |TAMS 0x00000000edf00000| PB 0x00000000edf00000| Untracked |  0
| 224|0x00000000ee000000, 0x00000000ee000000, 0x00000000ee100000|  0%| F|  |TAMS 0x00000000ee000000| PB 0x00000000ee000000| Untracked |  0
| 225|0x00000000ee100000, 0x00000000ee100000, 0x00000000ee200000|  0%| F|  |TAMS 0x00000000ee100000| PB 0x00000000ee100000| Untracked |  0
| 226|0x00000000ee200000, 0x00000000ee200000, 0x00000000ee300000|  0%| F|  |TAMS 0x00000000ee200000| PB 0x00000000ee200000| Untracked |  0
| 227|0x00000000ee300000, 0x00000000ee300000, 0x00000000ee400000|  0%| F|  |TAMS 0x00000000ee300000| PB 0x00000000ee300000| Untracked |  0
| 228|0x00000000ee400000, 0x00000000ee400000, 0x00000000ee500000|  0%| F|  |TAMS 0x00000000ee400000| PB 0x00000000ee400000| Untracked |  0
| 229|0x00000000ee500000, 0x00000000ee500000, 0x00000000ee600000|  0%| F|  |TAMS 0x00000000ee500000| PB 0x00000000ee500000| Untracked |  0
| 230|0x00000000ee600000, 0x00000000ee600000, 0x00000000ee700000|  0%| F|  |TAMS 0x00000000ee600000| PB 0x00000000ee600000| Untracked |  0
| 231|0x00000000ee700000, 0x00000000ee700000, 0x00000000ee800000|  0%| F|  |TAMS 0x00000000ee700000| PB 0x00000000ee700000| Untracked |  0
| 232|0x00000000ee800000, 0x00000000ee800000, 0x00000000ee900000|  0%| F|  |TAMS 0x00000000ee800000| PB 0x00000000ee800000| Untracked |  0
| 233|0x00000000ee900000, 0x00000000ee900000, 0x00000000eea00000|  0%| F|  |TAMS 0x00000000ee900000| PB 0x00000000ee900000| Untracked |  0
| 234|0x00000000eea00000, 0x00000000eea00000, 0x00000000eeb00000|  0%| F|  |TAMS 0x00000000eea00000| PB 0x00000000eea00000| Untracked |  0
| 235|0x00000000eeb00000, 0x00000000eeb00000, 0x00000000eec00000|  0%| F|  |TAMS 0x00000000eeb00000| PB 0x00000000eeb00000| Untracked |  0
| 236|0x00000000eec00000, 0x00000000eec00000, 0x00000000eed00000|  0%| F|  |TAMS 0x00000000eec00000| PB 0x00000000eec00000| Untracked |  0
| 237|0x00000000eed00000, 0x00000000eed00000, 0x00000000eee00000|  0%| F|  |TAMS 0x00000000eed00000| PB 0x00000000eed00000| Untracked |  0
| 238|0x00000000eee00000, 0x00000000eee00000, 0x00000000eef00000|  0%| F|  |TAMS 0x00000000eee00000| PB 0x00000000eee00000| Untracked |  0
| 239|0x00000000eef00000, 0x00000000eef00000, 0x00000000ef000000|  0%| F|  |TAMS 0x00000000eef00000| PB 0x00000000eef00000| Untracked |  0
| 240|0x00000000ef000000, 0x00000000ef000000, 0x00000000ef100000|  0%| F|  |TAMS 0x00000000ef000000| PB 0x00000000ef000000| Untracked |  0
| 241|0x00000000ef100000, 0x00000000ef100000, 0x00000000ef200000|  0%| F|  |TAMS 0x00000000ef100000| PB 0x00000000ef100000| Untracked |  0
| 242|0x00000000ef200000, 0x00000000ef200000, 0x00000000ef300000|  0%| F|  |TAMS 0x00000000ef200000| PB 0x00000000ef200000| Untracked |  0
| 243|0x00000000ef300000, 0x00000000ef300000, 0x00000000ef400000|  0%| F|  |TAMS 0x00000000ef300000| PB 0x00000000ef300000| Untracked |  0
| 244|0x00000000ef400000, 0x00000000ef400000, 0x00000000ef500000|  0%| F|  |TAMS 0x00000000ef400000| PB 0x00000000ef400000| Untracked |  0
| 245|0x00000000ef500000, 0x00000000ef500000, 0x00000000ef600000|  0%| F|  |TAMS 0x00000000ef500000| PB 0x00000000ef500000| Untracked |  0
| 246|0x00000000ef600000, 0x00000000ef600000, 0x00000000ef700000|  0%| F|  |TAMS 0x00000000ef600000| PB 0x00000000ef600000| Untracked |  0
| 247|0x00000000ef700000, 0x00000000ef700000, 0x00000000ef800000|  0%| F|  |TAMS 0x00000000ef700000| PB 0x00000000ef700000| Untracked |  0
| 248|0x00000000ef800000, 0x00000000ef800000, 0x00000000ef900000|  0%| F|  |TAMS 0x00000000ef800000| PB 0x00000000ef800000| Untracked |  0
| 249|0x00000000ef900000, 0x00000000ef900000, 0x00000000efa00000|  0%| F|  |TAMS 0x00000000ef900000| PB 0x00000000ef900000| Untracked |  0
| 250|0x00000000efa00000, 0x00000000efa00000, 0x00000000efb00000|  0%| F|  |TAMS 0x00000000efa00000| PB 0x00000000efa00000| Untracked |  0
| 251|0x00000000efb00000, 0x00000000efb00000, 0x00000000efc00000|  0%| F|  |TAMS 0x00000000efb00000| PB 0x00000000efb00000| Untracked |  0
| 252|0x00000000efc00000, 0x00000000efc00000, 0x00000000efd00000|  0%| F|  |TAMS 0x00000000efc00000| PB 0x00000000efc00000| Untracked |  0
| 253|0x00000000efd00000, 0x00000000efd00000, 0x00000000efe00000|  0%| F|  |TAMS 0x00000000efd00000| PB 0x00000000efd00000| Untracked |  0
| 254|0x00000000efe00000, 0x00000000efe00000, 0x00000000eff00000|  0%| F|  |TAMS 0x00000000efe00000| PB 0x00000000efe00000| Untracked |  0
| 255|0x00000000eff00000, 0x00000000eff00000, 0x00000000f0000000|  0%| F|  |TAMS 0x00000000eff00000| PB 0x00000000eff00000| Untracked |  0
| 256|0x00000000f0000000, 0x00000000f0000000, 0x00000000f0100000|  0%| F|  |TAMS 0x00000000f0000000| PB 0x00000000f0000000| Untracked |  0
| 257|0x00000000f0100000, 0x00000000f0100000, 0x00000000f0200000|  0%| F|  |TAMS 0x00000000f0100000| PB 0x00000000f0100000| Untracked |  0
| 258|0x00000000f0200000, 0x00000000f0200000, 0x00000000f0300000|  0%| F|  |TAMS 0x00000000f0200000| PB 0x00000000f0200000| Untracked |  0
| 259|0x00000000f0300000, 0x00000000f0300000, 0x00000000f0400000|  0%| F|  |TAMS 0x00000000f0300000| PB 0x00000000f0300000| Untracked |  0
| 260|0x00000000f0400000, 0x00000000f0400000, 0x00000000f0500000|  0%| F|  |TAMS 0x00000000f0400000| PB 0x00000000f0400000| Untracked |  0
| 261|0x00000000f0500000, 0x00000000f0500000, 0x00000000f0600000|  0%| F|  |TAMS 0x00000000f0500000| PB 0x00000000f0500000| Untracked |  0
| 262|0x00000000f0600000, 0x00000000f06ec4d0, 0x00000000f0700000| 92%| E|  |TAMS 0x00000000f0600000| PB 0x00000000f0600000| Complete |  0
| 263|0x00000000f0700000, 0x00000000f0800000, 0x00000000f0800000|100%| E|CS|TAMS 0x00000000f0700000| PB 0x00000000f0700000| Complete |  0
| 264|0x00000000f0800000, 0x00000000f0900000, 0x00000000f0900000|100%| E|CS|TAMS 0x00000000f0800000| PB 0x00000000f0800000| Complete |  0
| 265|0x00000000f0900000, 0x00000000f0a00000, 0x00000000f0a00000|100%| E|CS|TAMS 0x00000000f0900000| PB 0x00000000f0900000| Complete |  0
| 266|0x00000000f0a00000, 0x00000000f0b00000, 0x00000000f0b00000|100%| E|CS|TAMS 0x00000000f0a00000| PB 0x00000000f0a00000| Complete |  0
| 267|0x00000000f0b00000, 0x00000000f0c00000, 0x00000000f0c00000|100%| E|CS|TAMS 0x00000000f0b00000| PB 0x00000000f0b00000| Complete |  0
| 268|0x00000000f0c00000, 0x00000000f0d00000, 0x00000000f0d00000|100%| E|CS|TAMS 0x00000000f0c00000| PB 0x00000000f0c00000| Complete |  0
| 269|0x00000000f0d00000, 0x00000000f0e00000, 0x00000000f0e00000|100%| E|CS|TAMS 0x00000000f0d00000| PB 0x00000000f0d00000| Complete |  0
| 270|0x00000000f0e00000, 0x00000000f0f00000, 0x00000000f0f00000|100%| E|CS|TAMS 0x00000000f0e00000| PB 0x00000000f0e00000| Complete |  0
| 271|0x00000000f0f00000, 0x00000000f1000000, 0x00000000f1000000|100%| E|CS|TAMS 0x00000000f0f00000| PB 0x00000000f0f00000| Complete |  0
| 272|0x00000000f1000000, 0x00000000f1100000, 0x00000000f1100000|100%| E|CS|TAMS 0x00000000f1000000| PB 0x00000000f1000000| Complete |  0
| 273|0x00000000f1100000, 0x00000000f1200000, 0x00000000f1200000|100%| E|CS|TAMS 0x00000000f1100000| PB 0x00000000f1100000| Complete |  0
| 274|0x00000000f1200000, 0x00000000f1300000, 0x00000000f1300000|100%| E|CS|TAMS 0x00000000f1200000| PB 0x00000000f1200000| Complete |  0
| 275|0x00000000f1300000, 0x00000000f1400000, 0x00000000f1400000|100%| E|CS|TAMS 0x00000000f1300000| PB 0x00000000f1300000| Complete |  0
| 276|0x00000000f1400000, 0x00000000f1500000, 0x00000000f1500000|100%| E|CS|TAMS 0x00000000f1400000| PB 0x00000000f1400000| Complete |  0
| 277|0x00000000f1500000, 0x00000000f1600000, 0x00000000f1600000|100%| E|CS|TAMS 0x00000000f1500000| PB 0x00000000f1500000| Complete |  0
| 278|0x00000000f1600000, 0x00000000f1700000, 0x00000000f1700000|100%| E|CS|TAMS 0x00000000f1600000| PB 0x00000000f1600000| Complete |  0
| 279|0x00000000f1700000, 0x00000000f1800000, 0x00000000f1800000|100%| E|CS|TAMS 0x00000000f1700000| PB 0x00000000f1700000| Complete |  0
| 280|0x00000000f1800000, 0x00000000f1900000, 0x00000000f1900000|100%| E|CS|TAMS 0x00000000f1800000| PB 0x00000000f1800000| Complete |  0
| 281|0x00000000f1900000, 0x00000000f1a00000, 0x00000000f1a00000|100%| E|CS|TAMS 0x00000000f1900000| PB 0x00000000f1900000| Complete |  0
| 282|0x00000000f1a00000, 0x00000000f1b00000, 0x00000000f1b00000|100%| E|CS|TAMS 0x00000000f1a00000| PB 0x00000000f1a00000| Complete |  0
| 283|0x00000000f1b00000, 0x00000000f1c00000, 0x00000000f1c00000|100%| E|CS|TAMS 0x00000000f1b00000| PB 0x00000000f1b00000| Complete |  0
| 284|0x00000000f1c00000, 0x00000000f1d00000, 0x00000000f1d00000|100%| E|CS|TAMS 0x00000000f1c00000| PB 0x00000000f1c00000| Complete |  0
| 285|0x00000000f1d00000, 0x00000000f1e00000, 0x00000000f1e00000|100%| E|CS|TAMS 0x00000000f1d00000| PB 0x00000000f1d00000| Complete |  0
| 286|0x00000000f1e00000, 0x00000000f1f00000, 0x00000000f1f00000|100%| E|CS|TAMS 0x00000000f1e00000| PB 0x00000000f1e00000| Complete |  0
| 287|0x00000000f1f00000, 0x00000000f2000000, 0x00000000f2000000|100%| E|CS|TAMS 0x00000000f1f00000| PB 0x00000000f1f00000| Complete |  0
| 288|0x00000000f2000000, 0x00000000f2100000, 0x00000000f2100000|100%| E|CS|TAMS 0x00000000f2000000| PB 0x00000000f2000000| Complete |  0
| 289|0x00000000f2100000, 0x00000000f2200000, 0x00000000f2200000|100%| E|CS|TAMS 0x00000000f2100000| PB 0x00000000f2100000| Complete |  0
| 290|0x00000000f2200000, 0x00000000f2300000, 0x00000000f2300000|100%| E|CS|TAMS 0x00000000f2200000| PB 0x00000000f2200000| Complete |  0
| 291|0x00000000f2300000, 0x00000000f2400000, 0x00000000f2400000|100%| E|CS|TAMS 0x00000000f2300000| PB 0x00000000f2300000| Complete |  0
| 292|0x00000000f2400000, 0x00000000f2500000, 0x00000000f2500000|100%| E|CS|TAMS 0x00000000f2400000| PB 0x00000000f2400000| Complete |  0
| 293|0x00000000f2500000, 0x00000000f2600000, 0x00000000f2600000|100%| E|CS|TAMS 0x00000000f2500000| PB 0x00000000f2500000| Complete |  0
| 294|0x00000000f2600000, 0x00000000f2700000, 0x00000000f2700000|100%| E|CS|TAMS 0x00000000f2600000| PB 0x00000000f2600000| Complete |  0
| 295|0x00000000f2700000, 0x00000000f2800000, 0x00000000f2800000|100%| E|CS|TAMS 0x00000000f2700000| PB 0x00000000f2700000| Complete |  0
| 296|0x00000000f2800000, 0x00000000f2900000, 0x00000000f2900000|100%| E|CS|TAMS 0x00000000f2800000| PB 0x00000000f2800000| Complete |  0
| 297|0x00000000f2900000, 0x00000000f2a00000, 0x00000000f2a00000|100%| E|CS|TAMS 0x00000000f2900000| PB 0x00000000f2900000| Complete |  0
| 298|0x00000000f2a00000, 0x00000000f2b00000, 0x00000000f2b00000|100%| E|CS|TAMS 0x00000000f2a00000| PB 0x00000000f2a00000| Complete |  0
| 299|0x00000000f2b00000, 0x00000000f2c00000, 0x00000000f2c00000|100%| E|CS|TAMS 0x00000000f2b00000| PB 0x00000000f2b00000| Complete |  0
| 300|0x00000000f2c00000, 0x00000000f2d00000, 0x00000000f2d00000|100%| E|CS|TAMS 0x00000000f2c00000| PB 0x00000000f2c00000| Complete |  0
| 301|0x00000000f2d00000, 0x00000000f2e00000, 0x00000000f2e00000|100%| E|CS|TAMS 0x00000000f2d00000| PB 0x00000000f2d00000| Complete |  0
| 302|0x00000000f2e00000, 0x00000000f2f00000, 0x00000000f2f00000|100%| E|CS|TAMS 0x00000000f2e00000| PB 0x00000000f2e00000| Complete |  0
| 303|0x00000000f2f00000, 0x00000000f3000000, 0x00000000f3000000|100%| E|CS|TAMS 0x00000000f2f00000| PB 0x00000000f2f00000| Complete |  0
| 304|0x00000000f3000000, 0x00000000f3100000, 0x00000000f3100000|100%| E|CS|TAMS 0x00000000f3000000| PB 0x00000000f3000000| Complete |  0
| 305|0x00000000f3100000, 0x00000000f3200000, 0x00000000f3200000|100%| E|CS|TAMS 0x00000000f3100000| PB 0x00000000f3100000| Complete |  0
| 306|0x00000000f3200000, 0x00000000f3300000, 0x00000000f3300000|100%| E|CS|TAMS 0x00000000f3200000| PB 0x00000000f3200000| Complete |  0
| 307|0x00000000f3300000, 0x00000000f3400000, 0x00000000f3400000|100%| E|CS|TAMS 0x00000000f3300000| PB 0x00000000f3300000| Complete |  0
| 308|0x00000000f3400000, 0x00000000f3500000, 0x00000000f3500000|100%| E|CS|TAMS 0x00000000f3400000| PB 0x00000000f3400000| Complete |  0
| 309|0x00000000f3500000, 0x00000000f3600000, 0x00000000f3600000|100%| E|CS|TAMS 0x00000000f3500000| PB 0x00000000f3500000| Complete |  0
| 310|0x00000000f3600000, 0x00000000f3700000, 0x00000000f3700000|100%| E|CS|TAMS 0x00000000f3600000| PB 0x00000000f3600000| Complete |  0
| 311|0x00000000f3700000, 0x00000000f3800000, 0x00000000f3800000|100%| E|CS|TAMS 0x00000000f3700000| PB 0x00000000f3700000| Complete |  0
| 312|0x00000000f3800000, 0x00000000f3900000, 0x00000000f3900000|100%| E|CS|TAMS 0x00000000f3800000| PB 0x00000000f3800000| Complete |  0
| 313|0x00000000f3900000, 0x00000000f3a00000, 0x00000000f3a00000|100%| E|CS|TAMS 0x00000000f3900000| PB 0x00000000f3900000| Complete |  0
| 314|0x00000000f3a00000, 0x00000000f3b00000, 0x00000000f3b00000|100%| E|CS|TAMS 0x00000000f3a00000| PB 0x00000000f3a00000| Complete |  0
| 315|0x00000000f3b00000, 0x00000000f3c00000, 0x00000000f3c00000|100%| E|CS|TAMS 0x00000000f3b00000| PB 0x00000000f3b00000| Complete |  0
| 316|0x00000000f3c00000, 0x00000000f3d00000, 0x00000000f3d00000|100%| E|CS|TAMS 0x00000000f3c00000| PB 0x00000000f3c00000| Complete |  0
| 317|0x00000000f3d00000, 0x00000000f3e00000, 0x00000000f3e00000|100%| E|CS|TAMS 0x00000000f3d00000| PB 0x00000000f3d00000| Complete |  0
| 318|0x00000000f3e00000, 0x00000000f3f00000, 0x00000000f3f00000|100%| E|CS|TAMS 0x00000000f3e00000| PB 0x00000000f3e00000| Complete |  0
| 319|0x00000000f3f00000, 0x00000000f4000000, 0x00000000f4000000|100%| E|CS|TAMS 0x00000000f3f00000| PB 0x00000000f3f00000| Complete |  0
| 320|0x00000000f4000000, 0x00000000f4100000, 0x00000000f4100000|100%| E|CS|TAMS 0x00000000f4000000| PB 0x00000000f4000000| Complete |  0
| 321|0x00000000f4100000, 0x00000000f4200000, 0x00000000f4200000|100%| E|CS|TAMS 0x00000000f4100000| PB 0x00000000f4100000| Complete |  0
| 322|0x00000000f4200000, 0x00000000f4300000, 0x00000000f4300000|100%| E|CS|TAMS 0x00000000f4200000| PB 0x00000000f4200000| Complete |  0
| 323|0x00000000f4300000, 0x00000000f4400000, 0x00000000f4400000|100%| E|CS|TAMS 0x00000000f4300000| PB 0x00000000f4300000| Complete |  0
| 324|0x00000000f4400000, 0x00000000f4500000, 0x00000000f4500000|100%| E|CS|TAMS 0x00000000f4400000| PB 0x00000000f4400000| Complete |  0
| 325|0x00000000f4500000, 0x00000000f4600000, 0x00000000f4600000|100%| E|CS|TAMS 0x00000000f4500000| PB 0x00000000f4500000| Complete |  0
| 326|0x00000000f4600000, 0x00000000f4700000, 0x00000000f4700000|100%| E|CS|TAMS 0x00000000f4600000| PB 0x00000000f4600000| Complete |  0
| 327|0x00000000f4700000, 0x00000000f4800000, 0x00000000f4800000|100%| E|CS|TAMS 0x00000000f4700000| PB 0x00000000f4700000| Complete |  0
| 328|0x00000000f4800000, 0x00000000f4900000, 0x00000000f4900000|100%| E|CS|TAMS 0x00000000f4800000| PB 0x00000000f4800000| Complete |  0
| 329|0x00000000f4900000, 0x00000000f4a00000, 0x00000000f4a00000|100%| E|CS|TAMS 0x00000000f4900000| PB 0x00000000f4900000| Complete |  0
| 330|0x00000000f4a00000, 0x00000000f4b00000, 0x00000000f4b00000|100%| E|CS|TAMS 0x00000000f4a00000| PB 0x00000000f4a00000| Complete |  0
| 331|0x00000000f4b00000, 0x00000000f4c00000, 0x00000000f4c00000|100%| E|CS|TAMS 0x00000000f4b00000| PB 0x00000000f4b00000| Complete |  0
| 332|0x00000000f4c00000, 0x00000000f4d00000, 0x00000000f4d00000|100%| E|CS|TAMS 0x00000000f4c00000| PB 0x00000000f4c00000| Complete |  0
| 333|0x00000000f4d00000, 0x00000000f4e00000, 0x00000000f4e00000|100%| E|CS|TAMS 0x00000000f4d00000| PB 0x00000000f4d00000| Complete |  0
| 334|0x00000000f4e00000, 0x00000000f4f00000, 0x00000000f4f00000|100%| E|CS|TAMS 0x00000000f4e00000| PB 0x00000000f4e00000| Complete |  0
| 335|0x00000000f4f00000, 0x00000000f5000000, 0x00000000f5000000|100%| E|CS|TAMS 0x00000000f4f00000| PB 0x00000000f4f00000| Complete |  0
| 336|0x00000000f5000000, 0x00000000f5100000, 0x00000000f5100000|100%| E|CS|TAMS 0x00000000f5000000| PB 0x00000000f5000000| Complete |  0
| 337|0x00000000f5100000, 0x00000000f5200000, 0x00000000f5200000|100%| E|CS|TAMS 0x00000000f5100000| PB 0x00000000f5100000| Complete |  0
| 338|0x00000000f5200000, 0x00000000f5300000, 0x00000000f5300000|100%| E|CS|TAMS 0x00000000f5200000| PB 0x00000000f5200000| Complete |  0
| 339|0x00000000f5300000, 0x00000000f5400000, 0x00000000f5400000|100%| E|CS|TAMS 0x00000000f5300000| PB 0x00000000f5300000| Complete |  0
| 340|0x00000000f5400000, 0x00000000f5500000, 0x00000000f5500000|100%| E|CS|TAMS 0x00000000f5400000| PB 0x00000000f5400000| Complete |  0
| 341|0x00000000f5500000, 0x00000000f5600000, 0x00000000f5600000|100%| E|CS|TAMS 0x00000000f5500000| PB 0x00000000f5500000| Complete |  0
| 342|0x00000000f5600000, 0x00000000f5700000, 0x00000000f5700000|100%| E|CS|TAMS 0x00000000f5600000| PB 0x00000000f5600000| Complete |  0
| 343|0x00000000f5700000, 0x00000000f5800000, 0x00000000f5800000|100%| E|CS|TAMS 0x00000000f5700000| PB 0x00000000f5700000| Complete |  0
| 344|0x00000000f5800000, 0x00000000f5900000, 0x00000000f5900000|100%| E|CS|TAMS 0x00000000f5800000| PB 0x00000000f5800000| Complete |  0
| 345|0x00000000f5900000, 0x00000000f5a00000, 0x00000000f5a00000|100%| E|CS|TAMS 0x00000000f5900000| PB 0x00000000f5900000| Complete |  0
| 346|0x00000000f5a00000, 0x00000000f5b00000, 0x00000000f5b00000|100%| E|CS|TAMS 0x00000000f5a00000| PB 0x00000000f5a00000| Complete |  0
| 347|0x00000000f5b00000, 0x00000000f5c00000, 0x00000000f5c00000|100%| E|CS|TAMS 0x00000000f5b00000| PB 0x00000000f5b00000| Complete |  0
| 348|0x00000000f5c00000, 0x00000000f5d00000, 0x00000000f5d00000|100%| E|CS|TAMS 0x00000000f5c00000| PB 0x00000000f5c00000| Complete |  0
| 349|0x00000000f5d00000, 0x00000000f5e00000, 0x00000000f5e00000|100%| E|CS|TAMS 0x00000000f5d00000| PB 0x00000000f5d00000| Complete |  0
| 350|0x00000000f5e00000, 0x00000000f5f00000, 0x00000000f5f00000|100%| E|CS|TAMS 0x00000000f5e00000| PB 0x00000000f5e00000| Complete |  0
| 351|0x00000000f5f00000, 0x00000000f6000000, 0x00000000f6000000|100%| E|CS|TAMS 0x00000000f5f00000| PB 0x00000000f5f00000| Complete |  0
| 352|0x00000000f6000000, 0x00000000f6100000, 0x00000000f6100000|100%| E|CS|TAMS 0x00000000f6000000| PB 0x00000000f6000000| Complete |  0
| 511|0x00000000fff00000, 0x0000000100000000, 0x0000000100000000|100%| E|CS|TAMS 0x00000000fff00000| PB 0x00000000fff00000| Complete |  0

Card table byte_map: [0x000001c7cb0d0000,0x000001c7cb1d0000] _byte_map_base: 0x000001c7ca9d0000

Marking Bits: (CMBitMap*) 0x000001c7b069d3b0
 Bits: [0x000001c7cb1d0000, 0x000001c7cb9d0000)

Polling page: 0x000001c7b0720000

Metaspace:
Metaspace        used 83635K, committed 85440K, reserved 458752K
 class space     used 8912K, committed 9920K, reserved 327680K

Usage:
  Non-class:     72.97 MB used.
      Class:      8.70 MB used.
       Both:     81.68 MB used.

Virtual space:
  Non-class space:      128.00 MB reserved,      73.75 MB ( 58%) committed,  2 nodes.
      Class space:      320.00 MB reserved,       9.69 MB (  3%) committed,  1 nodes.
             Both:      448.00 MB reserved,      83.44 MB ( 19%) committed. 

Chunk freelists:
   Non-Class:  5.91 MB
       Class:  6.42 MB
        Both:  12.33 MB

MaxMetaspaceSize: 384.00 MB
CompressedClassSpaceSize: 320.00 MB
Initial GC threshold: 21.00 MB
Current GC threshold: 139.06 MB
CDS: on
 - commit_granule_bytes: 65536.
 - commit_granule_words: 8192.
 - virtual_space_node_default_size: 8388608.
 - enlarge_chunks_in_place: 1.
UseCompressedClassPointers 1, UseCompactObjectHeaders 0
Narrow klass pointer bits 32, Max shift 3
Narrow klass base: 0x0000000017000000, Narrow klass shift: 0
Encoding Range: [0x0000000017000000 - 0x0000000117000000), (4294967296 bytes)
Klass Range:    [0x0000000017010000 - 0x000000002c000000), (352256000 bytes)
Klass ID Range:  [65536 - 352321529) (352255993)
Protection zone: [0x0000000017000000 - 0x0000000017010000), (65536 bytes)


Internal statistics:

num_allocs_failed_limit: 15.
num_arena_births: 9464.
num_arena_deaths: 6596.
num_vsnodes_births: 3.
num_vsnodes_deaths: 0.
num_space_committed: 1362.
num_space_uncommitted: 23.
num_chunks_returned_to_freelist: 8474.
num_chunks_taken_from_freelist: 16267.
num_chunk_merges: 2909.
num_chunk_splits: 8535.
num_chunks_enlarged: 4525.
num_inconsistent_stats: 0.

CodeHeap 'non-profiled nmethods': size=118912Kb used=18197Kb max_used=18876Kb free=100714Kb
 bounds [0x000001c7c2160000, 0x000001c7c33e0000, 0x000001c7c9580000]
CodeHeap 'profiled nmethods': size=118848Kb used=16847Kb max_used=28048Kb free=102000Kb
 bounds [0x000001c7ba580000, 0x000001c7bc100000, 0x000001c7c1990000]
CodeHeap 'non-nmethods': size=8000Kb used=2223Kb max_used=4640Kb free=5776Kb
 bounds [0x000001c7c1990000, 0x000001c7c1e40000, 0x000001c7c2160000]
CodeCache: size=245760Kb, used=37267Kb, max_used=51564Kb, free=208490Kb
 total_blobs=14656, nmethods=13798, adapters=759, full_count=0
Compilation: enabled, stopped_count=0, restarted_count=0

Compilation events (20 events):
Event: 64966.285 Thread 0x000001c7cf014ce0 nmethod 37918 0x000001c7c274c188 code [0x000001c7c274c280, 0x000001c7c274c500]
Event: 64996.284 Thread 0x000001c7cf014ce0 37919       4       org.gradle.internal.resources.DefaultResourceLockCoordinationService$AcquireLocks::apply (9 bytes)
Event: 64996.286 Thread 0x000001c7cf014ce0 nmethod 37919 0x000001c7c2808e08 code [0x000001c7c2808f00, 0x000001c7c28091a0]
Event: 70921.151 Thread 0x000001c7cf014ce0 37920       4       java.lang.StringUTF16::putChar (54 bytes)
Event: 70921.152 Thread 0x000001c7cf0154f0 37921       3       java.io.PrintWriter::ensureOpen (18 bytes)
Event: 70921.161 Thread 0x000001c7cf0154f0 nmethod 37921 0x000001c7ba5a8788 code [0x000001c7ba5a8880, 0x000001c7ba5a8a80]
Event: 70921.192 Thread 0x000001c7cf0154f0 37924       1       java.lang.ClassValue$ClassValueMap::getCache (5 bytes)
Event: 70921.193 Thread 0x000001c7cf0154f0 nmethod 37924 0x000001c7c2236208 code [0x000001c7c2236300, 0x000001c7c22363c8]
Event: 70921.243 Thread 0x000001c7cf014ce0 nmethod 37920 0x000001c7c22f0408 code [0x000001c7c22f0500, 0x000001c7c22f05f8]
Event: 70921.243 Thread 0x000001c7cf014ce0 37923       4       java.lang.String::isLatin1 (19 bytes)
Event: 70921.245 Thread 0x000001c7cf014ce0 nmethod 37923 0x000001c7c2387888 code [0x000001c7c2387980, 0x000001c7c2387a00]
Event: 70921.245 Thread 0x000001c7cf014ce0 37922       4       java.lang.String::checkBoundsBeginEnd (11 bytes)
Event: 70921.248 Thread 0x000001c7cf014ce0 nmethod 37922 0x000001c7c23b3c88 code [0x000001c7c23b3d80, 0x000001c7c23b3e50]
Event: 70921.411 Thread 0x000001c7cf0154f0 37925       3       java.io.ObjectOutputStream$BlockDataOutputStream::writeUTFInternal (93 bytes)
Event: 70921.411 Thread 0x000001c7cf014ce0 37926   !   4       java.io.ObjectOutputStream::writeObject0 (620 bytes)
Event: 70921.416 Thread 0x000001c7cf0154f0 nmethod 37925 0x000001c7ba615708 code [0x000001c7ba615800, 0x000001c7ba616e80]
Event: 70921.416 Thread 0x000001c7cf0154f0 37927       3       java.lang.String::getBytes (60 bytes)
Event: 70921.417 Thread 0x000001c7cf0154f0 nmethod 37927 0x000001c7ba5ceb88 code [0x000001c7ba5cec80, 0x000001c7ba5cf630]
Event: 70921.427 Thread 0x000001c7cf0154f0 37930       3       sun.security.provider.ByteArrayAccess::i2bBig4 (10 bytes)
Event: 70921.431 Thread 0x000001c7cf0154f0 nmethod 37930 0x000001c7ba6cba88 code [0x000001c7ba6cbb80, 0x000001c7ba6cc228]

GC Heap Usage History (20 events):
Event: 13010.205 {heap Before GC invocations=144 (full 2):
 garbage-first heap   total reserved 524288K, committed 524288K, used 470443K [0x00000000e0000000, 0x0000000100000000)
  region size 1024K, 299 young (306176K), 9 survivors (9216K)
}
Event: 13010.215 {heap After GC invocations=145 (full 2):
 garbage-first heap   total reserved 524288K, committed 524288K, used 193821K [0x00000000e0000000, 0x0000000100000000)
  region size 1024K, 33 young (33792K), 33 survivors (33792K)
}
Event: 13036.048 {heap Before GC invocations=145 (full 2):
 garbage-first heap   total reserved 524288K, committed 524288K, used 465181K [0x00000000e0000000, 0x0000000100000000)
  region size 1024K, 296 young (303104K), 33 survivors (33792K)
}
Event: 13036.056 {heap After GC invocations=146 (full 2):
 garbage-first heap   total reserved 524288K, committed 524288K, used 194563K [0x00000000e0000000, 0x0000000100000000)
  region size 1024K, 14 young (14336K), 14 survivors (14336K)
}
Event: 14977.961 {heap Before GC invocations=146 (full 2):
 garbage-first heap   total reserved 524288K, committed 524288K, used 466947K [0x00000000e0000000, 0x0000000100000000)
  region size 1024K, 281 young (287744K), 14 survivors (14336K)
}
Event: 14977.966 {heap After GC invocations=147 (full 2):
 garbage-first heap   total reserved 524288K, committed 524288K, used 192897K [0x00000000e0000000, 0x0000000100000000)
  region size 1024K, 13 young (13312K), 13 survivors (13312K)
}
Event: 17407.818 {heap Before GC invocations=148 (full 2):
 garbage-first heap   total reserved 524288K, committed 524288K, used 476492K [0x00000000e0000000, 0x0000000100000000)
  region size 1024K, 284 young (290816K), 13 survivors (13312K)
}
Event: 17407.825 {heap After GC invocations=149 (full 2):
 garbage-first heap   total reserved 524288K, committed 524288K, used 184580K [0x00000000e0000000, 0x0000000100000000)
  region size 1024K, 13 young (13312K), 13 survivors (13312K)
}
Event: 25101.242 {heap Before GC invocations=149 (full 2):
 garbage-first heap   total reserved 524288K, committed 524288K, used 478468K [0x00000000e0000000, 0x0000000100000000)
  region size 1024K, 300 young (307200K), 13 survivors (13312K)
}
Event: 25101.254 {heap After GC invocations=150 (full 2):
 garbage-first heap   total reserved 524288K, committed 524288K, used 138856K [0x00000000e0000000, 0x0000000100000000)
  region size 1024K, 18 young (18432K), 18 survivors (18432K)
}
Event: 26744.301 {heap Before GC invocations=150 (full 2):
 garbage-first heap   total reserved 524288K, committed 524288K, used 449128K [0x00000000e0000000, 0x0000000100000000)
  region size 1024K, 307 young (314368K), 18 survivors (18432K)
}
Event: 26744.304 {heap After GC invocations=151 (full 2):
 garbage-first heap   total reserved 524288K, committed 524288K, used 119682K [0x00000000e0000000, 0x0000000100000000)
  region size 1024K, 8 young (8192K), 8 survivors (8192K)
}
Event: 26744.819 {heap Before GC invocations=151 (full 2):
 garbage-first heap   total reserved 524288K, committed 524288K, used 386946K [0x00000000e0000000, 0x0000000100000000)
  region size 1024K, 271 young (277504K), 8 survivors (8192K)
}
Event: 26744.823 {heap After GC invocations=152 (full 2):
 garbage-first heap   total reserved 524288K, committed 524288K, used 127577K [0x00000000e0000000, 0x0000000100000000)
  region size 1024K, 16 young (16384K), 16 survivors (16384K)
}
Event: 36735.076 {heap Before GC invocations=153 (full 2):
 garbage-first heap   total reserved 524288K, committed 396288K, used 349934K [0x00000000e0000000, 0x0000000100000000)
  region size 1024K, 232 young (237568K), 16 survivors (16384K)
}
Event: 36735.097 {heap After GC invocations=154 (full 2):
 garbage-first heap   total reserved 524288K, committed 396288K, used 112812K [0x00000000e0000000, 0x0000000100000000)
  region size 1024K, 14 young (14336K), 14 survivors (14336K)
}
Event: 50178.321 {heap Before GC invocations=154 (full 2):
 garbage-first heap   total reserved 524288K, committed 396288K, used 335020K [0x00000000e0000000, 0x0000000100000000)
  region size 1024K, 232 young (237568K), 14 survivors (14336K)
}
Event: 50178.339 {heap After GC invocations=155 (full 2):
 garbage-first heap   total reserved 524288K, committed 396288K, used 106673K [0x00000000e0000000, 0x0000000100000000)
  region size 1024K, 14 young (14336K), 14 survivors (14336K)
}
Event: 64838.321 {heap Before GC invocations=155 (full 2):
 garbage-first heap   total reserved 524288K, committed 396288K, used 329905K [0x00000000e0000000, 0x0000000100000000)
  region size 1024K, 232 young (237568K), 14 survivors (14336K)
}
Event: 64838.335 {heap After GC invocations=156 (full 2):
 garbage-first heap   total reserved 524288K, committed 396288K, used 106884K [0x00000000e0000000, 0x0000000100000000)
  region size 1024K, 14 young (14336K), 14 survivors (14336K)
}

Metaspace Usage History (20 events):
Event: 13010.205 {metaspace Before GC invocations=144 (full 2):
 Metaspace       used 82667K, committed 84480K, reserved 458752K
  class space    used 8817K, committed 9856K, reserved 327680K
}
Event: 13010.215 {metaspace After GC invocations=145 (full 2):
 Metaspace       used 82667K, committed 84480K, reserved 458752K
  class space    used 8817K, committed 9856K, reserved 327680K
}
Event: 13036.048 {metaspace Before GC invocations=145 (full 2):
 Metaspace       used 82720K, committed 84544K, reserved 458752K
  class space    used 8820K, committed 9856K, reserved 327680K
}
Event: 13036.056 {metaspace After GC invocations=146 (full 2):
 Metaspace       used 82720K, committed 84544K, reserved 458752K
  class space    used 8820K, committed 9856K, reserved 327680K
}
Event: 14977.961 {metaspace Before GC invocations=146 (full 2):
 Metaspace       used 83065K, committed 84928K, reserved 458752K
  class space    used 8880K, committed 9920K, reserved 327680K
}
Event: 14977.966 {metaspace After GC invocations=147 (full 2):
 Metaspace       used 83065K, committed 84928K, reserved 458752K
  class space    used 8880K, committed 9920K, reserved 327680K
}
Event: 17407.818 {metaspace Before GC invocations=148 (full 2):
 Metaspace       used 82483K, committed 84800K, reserved 458752K
  class space    used 8667K, committed 9920K, reserved 327680K
}
Event: 17407.825 {metaspace After GC invocations=149 (full 2):
 Metaspace       used 82483K, committed 84800K, reserved 458752K
  class space    used 8667K, committed 9920K, reserved 327680K
}
Event: 25101.242 {metaspace Before GC invocations=149 (full 2):
 Metaspace       used 83542K, committed 85376K, reserved 458752K
  class space    used 8907K, committed 9920K, reserved 327680K
}
Event: 25101.254 {metaspace After GC invocations=150 (full 2):
 Metaspace       used 83542K, committed 85376K, reserved 458752K
  class space    used 8907K, committed 9920K, reserved 327680K
}
Event: 26744.301 {metaspace Before GC invocations=150 (full 2):
 Metaspace       used 83623K, committed 85440K, reserved 458752K
  class space    used 8912K, committed 9920K, reserved 327680K
}
Event: 26744.304 {metaspace After GC invocations=151 (full 2):
 Metaspace       used 83623K, committed 85440K, reserved 458752K
  class space    used 8912K, committed 9920K, reserved 327680K
}
Event: 26744.819 {metaspace Before GC invocations=151 (full 2):
 Metaspace       used 83644K, committed 85440K, reserved 458752K
  class space    used 8914K, committed 9920K, reserved 327680K
}
Event: 26744.823 {metaspace After GC invocations=152 (full 2):
 Metaspace       used 83644K, committed 85440K, reserved 458752K
  class space    used 8914K, committed 9920K, reserved 327680K
}
Event: 36735.077 {metaspace Before GC invocations=153 (full 2):
 Metaspace       used 83641K, committed 85440K, reserved 458752K
  class space    used 8912K, committed 9920K, reserved 327680K
}
Event: 36735.097 {metaspace After GC invocations=154 (full 2):
 Metaspace       used 83641K, committed 85440K, reserved 458752K
  class space    used 8912K, committed 9920K, reserved 327680K
}
Event: 50178.321 {metaspace Before GC invocations=154 (full 2):
 Metaspace       used 83642K, committed 85440K, reserved 458752K
  class space    used 8913K, committed 9920K, reserved 327680K
}
Event: 50178.339 {metaspace After GC invocations=155 (full 2):
 Metaspace       used 83642K, committed 85440K, reserved 458752K
  class space    used 8913K, committed 9920K, reserved 327680K
}
Event: 64838.321 {metaspace Before GC invocations=155 (full 2):
 Metaspace       used 83642K, committed 85440K, reserved 458752K
  class space    used 8913K, committed 9920K, reserved 327680K
}
Event: 64838.335 {metaspace After GC invocations=156 (full 2):
 Metaspace       used 83642K, committed 85440K, reserved 458752K
  class space    used 8913K, committed 9920K, reserved 327680K
}

Dll operation events (14 events):
Event: 0.008 Loaded shared library D:\DevlopEnv\JDK\jdk-25\bin\java.dll
Event: 0.047 Loaded shared library D:\DevlopEnv\JDK\jdk-25\bin\zip.dll
Event: 0.049 Loaded shared library D:\DevlopEnv\JDK\jdk-25\bin\instrument.dll
Event: 0.051 Loaded shared library D:\DevlopEnv\JDK\jdk-25\bin\net.dll
Event: 0.052 Loaded shared library D:\DevlopEnv\JDK\jdk-25\bin\nio.dll
Event: 0.054 Loaded shared library D:\DevlopEnv\JDK\jdk-25\bin\zip.dll
Event: 0.150 Loaded shared library D:\DevlopEnv\JDK\jdk-25\bin\jimage.dll
Event: 0.275 Loaded shared library D:\DevlopEnv\JDK\jdk-25\bin\verify.dll
Event: 0.289 Loaded shared library C:\Users\zzp84\.gradle\native\660c5614fbf4a5f2a75b1949f50a0caf5cd603558e7d8a26e50b933a0cfb79d1\windows-amd64\native-platform.dll
Event: 0.294 Loaded shared library C:\Users\zzp84\.gradle\native\0.2.8\x86_64-windows-gnu\gradle-fileevents.dll
Event: 0.799 Loaded shared library D:\DevlopEnv\JDK\jdk-25\bin\management.dll
Event: 0.801 Loaded shared library D:\DevlopEnv\JDK\jdk-25\bin\management_ext.dll
Event: 0.877 Loaded shared library D:\DevlopEnv\JDK\jdk-25\bin\extnet.dll
Event: 0.981 Loaded shared library D:\DevlopEnv\JDK\jdk-25\bin\sunmscapi.dll

Deoptimization events (20 events):
Event: 70921.115 Thread 0x000001c7d647c6f0 Uncommon trap: trap_request=0xffffff45 fr.pc=0x000001c7c31dad78 relative=0x0000000000000df8
Event: 70921.115 Thread 0x000001c7d647c6f0 Uncommon trap: reason=unstable_if action=reinterpret pc=0x000001c7c31dad78 method=java.lang.AbstractStringBuilder.appendChars([BBILjava/lang/String;II)[B @ 60 c2
Event: 70921.115 Thread 0x000001c7d647c6f0 DEOPT PACKING pc=0x000001c7c31dad78 sp=0x0000007c147febb0
Event: 70921.115 Thread 0x000001c7d647c6f0 DEOPT UNPACKING pc=0x000001c7c1abeb02 sp=0x0000007c147feb00 mode 2
Event: 70921.284 Thread 0x000001c7d4309470 Uncommon trap: trap_request=0xffffffde fr.pc=0x000001c7c33c2cc8 relative=0x0000000000007648
Event: 70921.284 Thread 0x000001c7d4309470 Uncommon trap: reason=class_check action=maybe_recompile pc=0x000001c7c33c2cc8 method=java.io.ObjectOutputStream.writeObject0(Ljava/lang/Object;Z)V @ 240 c2
Event: 70921.284 Thread 0x000001c7d4309470 DEOPT PACKING pc=0x000001c7c33c2cc8 sp=0x0000007c138fed20
Event: 70921.285 Thread 0x000001c7d4309470 DEOPT UNPACKING pc=0x000001c7c1abeb02 sp=0x0000007c138fed98 mode 2
Event: 70921.296 Thread 0x000001c7d4309470 Uncommon trap: trap_request=0xffffffde fr.pc=0x000001c7c33c2cc8 relative=0x0000000000007648
Event: 70921.296 Thread 0x000001c7d4309470 Uncommon trap: reason=class_check action=maybe_recompile pc=0x000001c7c33c2cc8 method=java.io.ObjectOutputStream.writeObject0(Ljava/lang/Object;Z)V @ 240 c2
Event: 70921.296 Thread 0x000001c7d4309470 DEOPT PACKING pc=0x000001c7c33c2cc8 sp=0x0000007c138fe9a0
Event: 70921.296 Thread 0x000001c7d4309470 DEOPT UNPACKING pc=0x000001c7c1abeb02 sp=0x0000007c138fea18 mode 2
Event: 70921.392 Thread 0x000001c7d4309470 Uncommon trap: trap_request=0xffffff45 fr.pc=0x000001c7c2b2310c relative=0x000000000000068c
Event: 70921.393 Thread 0x000001c7d4309470 Uncommon trap: reason=unstable_if action=reinterpret pc=0x000001c7c2b2310c method=java.lang.StringCoding.countNonZeroAscii(Ljava/lang/String;)I @ 9 c2
Event: 70921.393 Thread 0x000001c7d4309470 DEOPT PACKING pc=0x000001c7c2b2310c sp=0x0000007c138fe2e0
Event: 70921.393 Thread 0x000001c7d4309470 DEOPT UNPACKING pc=0x000001c7c1abeb02 sp=0x0000007c138fe1f0 mode 2
Event: 70921.395 Thread 0x000001c7d4309470 Uncommon trap: trap_request=0xffffff45 fr.pc=0x000001c7c2220da8 relative=0x00000000000001a8
Event: 70921.395 Thread 0x000001c7d4309470 Uncommon trap: reason=unstable_if action=reinterpret pc=0x000001c7c2220da8 method=java.lang.String.getBytes(II[BI)V @ 29 c2
Event: 70921.395 Thread 0x000001c7d4309470 DEOPT PACKING pc=0x000001c7c2220da8 sp=0x0000007c138fe1e0
Event: 70921.395 Thread 0x000001c7d4309470 DEOPT UNPACKING pc=0x000001c7c1abeb02 sp=0x0000007c138fe198 mode 2

Classes loaded (20 events):
Event: 14978.957 Loading class java/util/AbstractMap$ValueIterator
Event: 14978.957 Loading class java/util/AbstractMap$ValueIterator done
Event: 14978.957 Loading class java/io/Console$1
Event: 14978.957 Loading class jdk/internal/access/JavaIOAccess
Event: 14978.957 Loading class jdk/internal/access/JavaIOAccess done
Event: 14978.957 Loading class java/io/Console$1 done
Event: 14979.041 Loading class java/util/jar/JarOutputStream
Event: 14979.041 Loading class java/util/zip/ZipOutputStream
Event: 14979.042 Loading class java/util/zip/ZipOutputStream done
Event: 14979.042 Loading class java/util/jar/JarOutputStream done
Event: 14979.086 Loading class java/util/zip/Deflater
Event: 14979.087 Loading class java/util/zip/Deflater done
Event: 14979.087 Loading class java/util/zip/Deflater$DeflaterZStreamRef
Event: 14979.087 Loading class java/util/zip/Deflater$DeflaterZStreamRef done
Event: 14979.088 Loading class java/util/zip/ZipOutputStream$XEntry
Event: 14979.088 Loading class java/util/zip/ZipOutputStream$XEntry done
Event: 14979.090 Loading class java/util/Vector$Itr
Event: 14979.090 Loading class java/util/Vector$Itr done
Event: 70921.083 Loading class java/lang/Throwable$WrappedPrintWriter
Event: 70921.104 Loading class java/lang/Throwable$WrappedPrintWriter done

Classes unloaded (20 events):
Event: 14978.001 Thread 0x000001c7cefe5390 Unloading class 0x000000001851c400 'java/lang/invoke/LambdaForm$MH+0x000000001851c400'
Event: 14978.001 Thread 0x000001c7cefe5390 Unloading class 0x000000001851c000 'java/lang/invoke/LambdaForm$MH+0x000000001851c000'
Event: 14978.001 Thread 0x000001c7cefe5390 Unloading class 0x0000000018532800 'java/lang/invoke/LambdaForm$MH+0x0000000018532800'
Event: 14978.001 Thread 0x000001c7cefe5390 Unloading class 0x0000000018359400 'java/lang/invoke/LambdaForm$MH+0x0000000018359400'
Event: 14978.001 Thread 0x000001c7cefe5390 Unloading class 0x00000000184f4c00 'java/lang/invoke/LambdaForm$MH+0x00000000184f4c00'
Event: 14978.001 Thread 0x000001c7cefe5390 Unloading class 0x0000000018535400 'java/lang/invoke/LambdaForm$MH+0x0000000018535400'
Event: 14978.001 Thread 0x000001c7cefe5390 Unloading class 0x00000000186d7c00 'java/lang/invoke/LambdaForm$MH+0x00000000186d7c00'
Event: 14978.001 Thread 0x000001c7cefe5390 Unloading class 0x000000001864c800 'java/lang/invoke/LambdaForm$MH+0x000000001864c800'
Event: 26744.854 Thread 0x000001c7cefe5390 Unloading class 0x0000000018541400 'java/lang/invoke/LambdaForm$MH+0x0000000018541400'
Event: 26744.854 Thread 0x000001c7cefe5390 Unloading class 0x0000000018541000 'java/lang/invoke/LambdaForm$MH+0x0000000018541000'
Event: 26744.854 Thread 0x000001c7cefe5390 Unloading class 0x0000000018534000 'java/lang/invoke/LambdaForm$MH+0x0000000018534000'
Event: 26744.854 Thread 0x000001c7cefe5390 Unloading class 0x00000000182a6400 'java/lang/invoke/LambdaForm$MH+0x00000000182a6400'
Event: 26744.854 Thread 0x000001c7cefe5390 Unloading class 0x0000000018280000 'java/lang/invoke/LambdaForm$MH+0x0000000018280000'
Event: 26744.854 Thread 0x000001c7cefe5390 Unloading class 0x0000000018488800 'java/lang/invoke/LambdaForm$MH+0x0000000018488800'
Event: 64838.419 Thread 0x000001c7cefe5390 Unloading class 0x00000000186ec000 'java/lang/invoke/LambdaForm$MH+0x00000000186ec000'
Event: 64838.419 Thread 0x000001c7cefe5390 Unloading class 0x00000000186d4c00 'java/lang/invoke/LambdaForm$MH+0x00000000186d4c00'
Event: 64838.419 Thread 0x000001c7cefe5390 Unloading class 0x00000000186d4800 'java/lang/invoke/LambdaForm$MH+0x00000000186d4800'
Event: 64838.419 Thread 0x000001c7cefe5390 Unloading class 0x00000000186c3400 'java/lang/invoke/LambdaForm$MH+0x00000000186c3400'
Event: 64838.419 Thread 0x000001c7cefe5390 Unloading class 0x00000000186c3000 'java/lang/invoke/LambdaForm$MH+0x00000000186c3000'
Event: 64838.419 Thread 0x000001c7cefe5390 Unloading class 0x0000000018365800 'java/lang/invoke/LambdaForm$MH+0x0000000018365800'

Classes redefined (0 events):
No events

Internal exceptions (20 events):
Event: 26744.252 Thread 0x000001c7d4f4e6f0 Exception <a 'sun/nio/fs/WindowsException'{0x00000000ee991a10}> (0x00000000ee991a10) 
thrown [s\open\src\hotspot\share\prims\jni.cpp, line 516]
Event: 26744.252 Thread 0x000001c7d4f4e6f0 Exception <a 'sun/nio/fs/WindowsException'{0x00000000ee992de8}> (0x00000000ee992de8) 
thrown [s\open\src\hotspot\share\prims\jni.cpp, line 516]
Event: 26744.252 Thread 0x000001c7d4f4e6f0 Exception <a 'sun/nio/fs/WindowsException'{0x00000000ee9941b0}> (0x00000000ee9941b0) 
thrown [s\open\src\hotspot\share\prims\jni.cpp, line 516]
Event: 26744.252 Thread 0x000001c7d4f4e6f0 Exception <a 'sun/nio/fs/WindowsException'{0x00000000ee995250}> (0x00000000ee995250) 
thrown [s\open\src\hotspot\share\prims\jni.cpp, line 516]
Event: 26744.290 Thread 0x000001c7d4f4e6f0 Exception <a 'java/lang/NoClassDefFoundError'{0x00000000ee044160}: org/jetbrains/kotlin/gradle/plugin/KotlinPluginWrapper> (0x00000000ee044160) 
thrown [s\open\src\hotspot\share\oops\constantPool.cpp, line 1003]
Event: 26744.290 Thread 0x000001c7d4f4e6f0 Exception <a 'java/lang/NoClassDefFoundError'{0x00000000ee046818}: org/graalvm/buildtools/gradle/NativeImagePlugin> (0x00000000ee046818) 
thrown [s\open\src\hotspot\share\oops\constantPool.cpp, line 1003]
Event: 26744.290 Thread 0x000001c7d4f4e6f0 Exception <a 'java/lang/NoClassDefFoundError'{0x00000000ee048ec0}: org/cyclonedx/gradle/CyclonedxPlugin> (0x00000000ee048ec0) 
thrown [s\open\src\hotspot\share\oops\constantPool.cpp, line 1003]
Event: 26744.801 Thread 0x000001c7da413910 Exception <a 'java/io/FileNotFoundException'{0x00000000efdfb890}> (0x00000000efdfb890) 
thrown [s\open\src\hotspot\share\prims\jni.cpp, line 516]
Event: 26744.801 Thread 0x000001c7da413910 Exception <a 'java/io/FileNotFoundException'{0x00000000efdfd160}> (0x00000000efdfd160) 
thrown [s\open\src\hotspot\share\prims\jni.cpp, line 516]
Event: 26744.851 Thread 0x000001c7da413910 Exception <a 'java/io/FileNotFoundException'{0x00000000ff8a8b30}> (0x00000000ff8a8b30) 
thrown [s\open\src\hotspot\share\prims\jni.cpp, line 516]
Event: 26744.851 Thread 0x000001c7da413910 Exception <a 'java/io/FileNotFoundException'{0x00000000ff8aa480}> (0x00000000ff8aa480) 
thrown [s\open\src\hotspot\share\prims\jni.cpp, line 516]
Event: 26744.919 Thread 0x000001c7da413910 Exception <a 'java/io/FileNotFoundException'{0x00000000f6d23608}> (0x00000000f6d23608) 
thrown [s\open\src\hotspot\share\prims\jni.cpp, line 516]
Event: 26744.920 Thread 0x000001c7da413910 Exception <a 'java/io/FileNotFoundException'{0x00000000f6d24f58}> (0x00000000f6d24f58) 
thrown [s\open\src\hotspot\share\prims\jni.cpp, line 516]
Event: 26744.954 Thread 0x000001c7da413910 Exception <a 'java/io/FileNotFoundException'{0x00000000f61b5410}> (0x00000000f61b5410) 
thrown [s\open\src\hotspot\share\prims\jni.cpp, line 516]
Event: 26744.954 Thread 0x000001c7da413910 Exception <a 'java/io/FileNotFoundException'{0x00000000f61b6d60}> (0x00000000f61b6d60) 
thrown [s\open\src\hotspot\share\prims\jni.cpp, line 516]
Event: 26745.000 Thread 0x000001c7da413910 Exception <a 'java/io/FileNotFoundException'{0x00000000f54d6fe8}> (0x00000000f54d6fe8) 
thrown [s\open\src\hotspot\share\prims\jni.cpp, line 516]
Event: 26745.000 Thread 0x000001c7da413910 Exception <a 'java/io/FileNotFoundException'{0x00000000f54d8938}> (0x00000000f54d8938) 
thrown [s\open\src\hotspot\share\prims\jni.cpp, line 516]
Event: 70920.991 Thread 0x000001c7d647c6f0 Exception <a 'java/io/IOException'{0x00000000f0825230}> (0x00000000f0825230) 
thrown [s\open\src\hotspot\share\prims\jni.cpp, line 516]
Event: 70921.400 Thread 0x000001c7d4309470 Exception <a 'java/lang/NoSuchMethodError'{0x00000000f065cbe8}: static [Ljava/lang/StackTraceElement;.<clinit>()V> (0x00000000f065cbe8) 
thrown [s\open\src\hotspot\share\prims\jni.cpp, line 1106]
Event: 70921.427 Thread 0x000001c7d4309470 Exception <a 'java/lang/NoSuchMethodError'{0x00000000f0682850}: static [B.<clinit>()V> (0x00000000f0682850) 
thrown [s\open\src\hotspot\share\prims\jni.cpp, line 1106]

VM Operations (20 events):
Event: 43346.036 Executing non-safepoint VM operation: HandshakeAllThreads (HandshakeForDeflation)
Event: 43346.046 Executing non-safepoint VM operation: HandshakeAllThreads (HandshakeForDeflation) done
Event: 43346.046 Executing non-safepoint VM operation: RendezvousGCThreads
Event: 43346.046 Executing non-safepoint VM operation: RendezvousGCThreads done
Event: 43466.351 Executing non-safepoint VM operation: HandshakeAllThreads (HandshakeForDeflation)
Event: 43466.352 Executing non-safepoint VM operation: HandshakeAllThreads (HandshakeForDeflation) done
Event: 43466.352 Executing non-safepoint VM operation: RendezvousGCThreads
Event: 43466.352 Executing non-safepoint VM operation: RendezvousGCThreads done
Event: 50178.321 Executing safepoint VM operation: G1CollectForAllocation (G1 Evacuation Pause)
Event: 50178.339 Executing safepoint VM operation: G1CollectForAllocation (G1 Evacuation Pause) done
Event: 64838.321 Executing safepoint VM operation: G1CollectForAllocation (G1 Evacuation Pause)
Event: 64838.335 Executing safepoint VM operation: G1CollectForAllocation (G1 Evacuation Pause) done
Event: 64838.417 Executing safepoint VM operation: G1PauseRemark
Event: 64838.603 Executing safepoint VM operation: G1PauseRemark done
Event: 64838.619 Executing safepoint VM operation: G1PauseCleanup
Event: 64838.619 Executing safepoint VM operation: G1PauseCleanup done
Event: 70396.907 Executing non-safepoint VM operation: HandshakeAllThreads (HandshakeForDeflation)
Event: 70396.917 Executing non-safepoint VM operation: HandshakeAllThreads (HandshakeForDeflation) done
Event: 70396.917 Executing non-safepoint VM operation: RendezvousGCThreads
Event: 70396.917 Executing non-safepoint VM operation: RendezvousGCThreads done

Memory protections (0 events):
No events

Nmethod flushes (20 events):
Event: 64838.600 Thread 0x000001c7cefe5390 flushing  nmethod 0x000001c7bb7d8a88
Event: 64838.600 Thread 0x000001c7cefe5390 flushing osr nmethod 0x000001c7c23e3588
Event: 64838.600 Thread 0x000001c7cefe5390 flushing osr nmethod 0x000001c7c274c188
Event: 64838.600 Thread 0x000001c7cefe5390 flushing  nmethod 0x000001c7ba754808
Event: 64838.600 Thread 0x000001c7cefe5390 flushing  nmethod 0x000001c7ba7c6708
Event: 64838.600 Thread 0x000001c7cefe5390 flushing  nmethod 0x000001c7ba9f7288
Event: 64838.600 Thread 0x000001c7cefe5390 flushing  nmethod 0x000001c7bb01e888
Event: 64838.600 Thread 0x000001c7cefe5390 flushing  nmethod 0x000001c7bb54cc08
Event: 64838.600 Thread 0x000001c7cefe5390 flushing  nmethod 0x000001c7bb58fb08
Event: 64838.600 Thread 0x000001c7cefe5390 flushing  nmethod 0x000001c7bb879b88
Event: 64838.600 Thread 0x000001c7cefe5390 flushing  nmethod 0x000001c7bb87b108
Event: 64838.600 Thread 0x000001c7cefe5390 flushing  nmethod 0x000001c7bbc69f88
Event: 64838.600 Thread 0x000001c7cefe5390 flushing  nmethod 0x000001c7bc00e088
Event: 64838.600 Thread 0x000001c7cefe5390 flushing  nmethod 0x000001c7bc059508
Event: 64838.600 Thread 0x000001c7cefe5390 flushing  nmethod 0x000001c7bc067b88
Event: 64838.600 Thread 0x000001c7cefe5390 flushing  nmethod 0x000001c7c31df208
Event: 64838.600 Thread 0x000001c7cefe5390 flushing  nmethod 0x000001c7bab73408
Event: 64838.600 Thread 0x000001c7cefe5390 flushing  nmethod 0x000001c7bab77208
Event: 64838.600 Thread 0x000001c7cefe5390 flushing  nmethod 0x000001c7baf95b08
Event: 64838.600 Thread 0x000001c7cefe5390 flushing  nmethod 0x000001c7bb7b9c88

Events (20 events):
Event: 26744.617 Thread 0x000001c7cf64e620 Thread added: 0x000001c7dc50c900
Event: 26744.617 Thread 0x000001c7cf64e620 Thread added: 0x000001c7dc50b960
Event: 26744.617 Thread 0x000001c7cf64e620 Thread added: 0x000001c7dc50c130
Event: 26744.617 Thread 0x000001c7cf64e620 Thread added: 0x000001c7da027440
Event: 26749.845 Thread 0x000001c7d8e0d4c0 Thread exited: 0x000001c7d8e0d4c0
Event: 26801.682 Thread 0x000001c7dd39c890 Thread exited: 0x000001c7dd39c890
Event: 26804.295 Thread 0x000001c7d6558bc0 Thread exited: 0x000001c7d6558bc0
Event: 26804.315 Thread 0x000001c7cf64de50 Thread exited: 0x000001c7cf64de50
Event: 26804.335 Thread 0x000001c7dd3a6ca0 Thread exited: 0x000001c7dd3a6ca0
Event: 26804.357 Thread 0x000001c7d4e22d30 Thread exited: 0x000001c7d4e22d30
Event: 26804.377 Thread 0x000001c7d4e23cd0 Thread exited: 0x000001c7d4e23cd0
Event: 26804.398 Thread 0x000001c7d7f4a670 Thread exited: 0x000001c7d7f4a670
Event: 26804.418 Thread 0x000001c7dd3a5d00 Thread exited: 0x000001c7dd3a5d00
Event: 26804.439 Thread 0x000001c7d8061480 Thread exited: 0x000001c7d8061480
Event: 26804.459 Thread 0x000001c7d7663210 Thread exited: 0x000001c7d7663210
Event: 26804.479 Thread 0x000001c7dd3a1e80 Thread exited: 0x000001c7dd3a1e80
Event: 33994.763 Thread 0x000001c7d641edf0 Thread added: 0x000001c7dd39e000
Event: 34055.474 Thread 0x000001c7dd39e000 Thread exited: 0x000001c7dd39e000
Event: 46520.985 Thread 0x000001c7cf014ce0 Thread added: 0x000001c7dbc1b1e0
Event: 46526.025 Thread 0x000001c7dbc1b1e0 Thread exited: 0x000001c7dbc1b1e0


Dynamic libraries:
0x00007ff7a6e50000 - 0x00007ff7a6e60000 	D:\DevlopEnv\JDK\jdk-25\bin\java.exe
0x00007ffa28880000 - 0x00007ffa28ae7000 	C:\WINDOWS\SYSTEM32\ntdll.dll
0x00007ffa279f0000 - 0x00007ffa27ab9000 	C:\WINDOWS\System32\KERNEL32.DLL
0x00007ffa257b0000 - 0x00007ffa25ba7000 	C:\WINDOWS\System32\KERNELBASE.dll
0x00007ffa255a0000 - 0x00007ffa256eb000 	C:\WINDOWS\System32\ucrtbase.dll
0x00007ff99f220000 - 0x00007ff99f237000 	D:\DevlopEnv\JDK\jdk-25\bin\jli.dll
0x00007ff99f050000 - 0x00007ff99f06e000 	D:\DevlopEnv\JDK\jdk-25\bin\VCRUNTIME140.dll
0x00007ffa27ac0000 - 0x00007ffa27c86000 	C:\WINDOWS\System32\USER32.dll
0x00007ffa254c0000 - 0x00007ffa254e7000 	C:\WINDOWS\System32\win32u.dll
0x00007ffa052b0000 - 0x00007ffa05542000 	C:\WINDOWS\WinSxS\amd64_microsoft.windows.common-controls_6595b64144ccf1df_6.0.26100.8457_none_3e0b2faee331e92d\COMCTL32.dll
0x00007ffa27fc0000 - 0x00007ffa27feb000 	C:\WINDOWS\System32\GDI32.dll
0x00007ffa28190000 - 0x00007ffa28239000 	C:\WINDOWS\System32\msvcrt.dll
0x00007ffa25bb0000 - 0x00007ffa25cdc000 	C:\WINDOWS\System32\gdi32full.dll
0x00007ffa26550000 - 0x00007ffa265f3000 	C:\WINDOWS\System32\msvcp_win.dll
0x00007ffa27f70000 - 0x00007ffa27fa2000 	C:\WINDOWS\System32\IMM32.DLL
0x00007ff99fd80000 - 0x00007ff99fd8c000 	D:\DevlopEnv\JDK\jdk-25\bin\vcruntime140_1.dll
0x00007ff97c2f0000 - 0x00007ff97c37d000 	D:\DevlopEnv\JDK\jdk-25\bin\msvcp140.dll
0x00007ff956730000 - 0x00007ff95758f000 	D:\DevlopEnv\JDK\jdk-25\bin\server\jvm.dll
0x00007ffa27930000 - 0x00007ffa279e6000 	C:\WINDOWS\System32\ADVAPI32.dll
0x00007ffa26600000 - 0x00007ffa266a7000 	C:\WINDOWS\System32\sechost.dll
0x00007ffa275b0000 - 0x00007ffa276c8000 	C:\WINDOWS\System32\RPCRT4.dll
0x00007ffa28000000 - 0x00007ffa28080000 	C:\WINDOWS\System32\WS2_32.dll
0x00007ffa24f60000 - 0x00007ffa24fbe000 	C:\WINDOWS\SYSTEM32\POWRPROF.dll
0x00007ffa1e010000 - 0x00007ffa1e01b000 	C:\WINDOWS\SYSTEM32\VERSION.dll
0x00007ffa17660000 - 0x00007ffa17696000 	C:\WINDOWS\SYSTEM32\WINMM.dll
0x00007ffa24f40000 - 0x00007ffa24f54000 	C:\WINDOWS\SYSTEM32\UMPDC.dll
0x00007ffa24000000 - 0x00007ffa2401b000 	C:\WINDOWS\SYSTEM32\kernel.appcore.dll
0x00007ff99f830000 - 0x00007ff99f83a000 	D:\DevlopEnv\JDK\jdk-25\bin\jimage.dll
0x00007ffa22ea0000 - 0x00007ffa230e2000 	C:\WINDOWS\SYSTEM32\DBGHELP.DLL
0x00007ffa26f90000 - 0x00007ffa27313000 	C:\WINDOWS\System32\combase.dll
0x00007ffa266b0000 - 0x00007ffa26789000 	C:\WINDOWS\System32\OLEAUT32.dll
0x00007ffa09c70000 - 0x00007ffa09cab000 	C:\WINDOWS\SYSTEM32\dbgcore.DLL
0x00007ffa254f0000 - 0x00007ffa25598000 	C:\WINDOWS\System32\bcryptPrimitives.dll
0x00007ff99f210000 - 0x00007ff99f220000 	D:\DevlopEnv\JDK\jdk-25\bin\instrument.dll
0x00007ff97e060000 - 0x00007ff97e07f000 	D:\DevlopEnv\JDK\jdk-25\bin\java.dll
0x00007ffa27c90000 - 0x00007ffa27e27000 	C:\WINDOWS\System32\ole32.dll
0x00007ffa26810000 - 0x00007ffa26f7e000 	C:\WINDOWS\System32\SHELL32.dll
0x00007ffa25ce0000 - 0x00007ffa2654c000 	C:\WINDOWS\System32\windows.storage.dll
0x00007ffa27e70000 - 0x00007ffa27f66000 	C:\WINDOWS\System32\SHCORE.dll
0x00007ffa27540000 - 0x00007ffa275a6000 	C:\WINDOWS\System32\shlwapi.dll
0x00007ffa251d0000 - 0x00007ffa251f9000 	C:\WINDOWS\SYSTEM32\profapi.dll
0x00007ff97d390000 - 0x00007ff97d3a7000 	D:\DevlopEnv\JDK\jdk-25\bin\zip.dll
0x00007ff97d370000 - 0x00007ff97d382000 	D:\DevlopEnv\JDK\jdk-25\bin\net.dll
0x00007ffa24550000 - 0x00007ffa245bc000 	C:\WINDOWS\system32\mswsock.dll
0x00007ff97d2a0000 - 0x00007ff97d2b6000 	D:\DevlopEnv\JDK\jdk-25\bin\nio.dll
0x00007ff97e1b0000 - 0x00007ff97e1c0000 	D:\DevlopEnv\JDK\jdk-25\bin\verify.dll
0x00007ffa06a80000 - 0x00007ffa06aa7000 	C:\Users\zzp84\.gradle\native\660c5614fbf4a5f2a75b1949f50a0caf5cd603558e7d8a26e50b933a0cfb79d1\windows-amd64\native-platform.dll
0x00007ffa05140000 - 0x00007ffa051b7000 	C:\Users\zzp84\.gradle\native\0.2.8\x86_64-windows-gnu\gradle-fileevents.dll
0x00007ffa20550000 - 0x00007ffa2055a000 	D:\DevlopEnv\JDK\jdk-25\bin\management.dll
0x00007ffa20540000 - 0x00007ffa2054c000 	D:\DevlopEnv\JDK\jdk-25\bin\management_ext.dll
0x00007ffa27fb0000 - 0x00007ffa27fb8000 	C:\WINDOWS\System32\PSAPI.DLL
0x00007ffa23b30000 - 0x00007ffa23b62000 	C:\WINDOWS\SYSTEM32\IPHLPAPI.DLL
0x00007ffa287a0000 - 0x00007ffa287aa000 	C:\WINDOWS\System32\NSI.dll
0x00007ffa21170000 - 0x00007ffa21179000 	D:\DevlopEnv\JDK\jdk-25\bin\extnet.dll
0x00007ffa24950000 - 0x00007ffa2496b000 	C:\WINDOWS\SYSTEM32\CRYPTSP.dll
0x00007ffa23f60000 - 0x00007ffa23f99000 	C:\WINDOWS\system32\rsaenh.dll
0x00007ffa24600000 - 0x00007ffa24633000 	C:\WINDOWS\SYSTEM32\USERENV.dll
0x00007ffa251a0000 - 0x00007ffa251ca000 	C:\WINDOWS\SYSTEM32\bcrypt.dll
0x00007ffa24930000 - 0x00007ffa2493c000 	C:\WINDOWS\SYSTEM32\CRYPTBASE.dll
0x00007ffa21160000 - 0x00007ffa2116e000 	D:\DevlopEnv\JDK\jdk-25\bin\sunmscapi.dll
0x00007ffa252b0000 - 0x00007ffa25428000 	C:\WINDOWS\System32\CRYPT32.dll
0x00007ffa24b20000 - 0x00007ffa24b50000 	C:\WINDOWS\SYSTEM32\ncrypt.dll
0x00007ffa24ad0000 - 0x00007ffa24b0f000 	C:\WINDOWS\SYSTEM32\NTASN1.dll
0x00007ff9c4980000 - 0x00007ff9c4988000 	C:\WINDOWS\system32\wshunix.dll
0x00007ffa24120000 - 0x00007ffa24156000 	C:\WINDOWS\SYSTEM32\ntmarta.dll

JVMTI agents:
C:\Users\zzp84\.gradle\wrapper\dists\gradle-9.4.1-bin\arn2x92ynaizyzdaamcbpbhtj\gradle-9.4.1\lib\agents\gradle-instrumentation-agent-9.4.1.jar path:D:\DevlopEnv\JDK\jdk-25\bin\instrument.dll, loaded, initialized, instrumentlib options:none

dbghelp: loaded successfully - version: 4.0.5 - missing functions: none
symbol engine: initialized successfully - sym options: 0x614 - pdb path: .;D:\DevlopEnv\JDK\jdk-25\bin;C:\WINDOWS\SYSTEM32;C:\WINDOWS\WinSxS\amd64_microsoft.windows.common-controls_6595b64144ccf1df_6.0.26100.8457_none_3e0b2faee331e92d;D:\DevlopEnv\JDK\jdk-25\bin\server;C:\Users\zzp84\.gradle\native\660c5614fbf4a5f2a75b1949f50a0caf5cd603558e7d8a26e50b933a0cfb79d1\windows-amd64;C:\Users\zzp84\.gradle\native\0.2.8\x86_64-windows-gnu

VM Arguments:
jvm_args: --add-opens=java.base/java.lang=ALL-UNNAMED --add-opens=java.base/java.lang.invoke=ALL-UNNAMED --add-opens=java.base/java.util=ALL-UNNAMED --add-opens=java.prefs/java.util.prefs=ALL-UNNAMED --add-exports=jdk.compiler/com.sun.tools.javac.api=ALL-UNNAMED --add-exports=jdk.compiler/com.sun.tools.javac.util=ALL-UNNAMED --add-opens=java.base/java.util=ALL-UNNAMED --add-opens=java.prefs/java.util.prefs=ALL-UNNAMED --add-opens=java.base/java.nio.charset=ALL-UNNAMED --add-opens=java.base/java.net=ALL-UNNAMED --add-opens=java.base/java.util.concurrent=ALL-UNNAMED --add-opens=java.base/java.util.concurrent.atomic=ALL-UNNAMED --add-opens=java.xml/javax.xml.namespace=ALL-UNNAMED --add-opens=java.base/java.time=ALL-UNNAMED --enable-native-access=ALL-UNNAMED -XX:MaxMetaspaceSize=384m -XX:+HeapDumpOnOutOfMemoryError -Xms256m -Xmx512m -Dfile.encoding=UTF-8 -Duser.country=CN -Duser.language=zh -Duser.variant -javaagent:C:\Users\zzp84\.gradle\wrapper\dists\gradle-9.4.1-bin\arn2x92ynaizyzdaamcbpbhtj\gradle-9.4.1\lib\agents\gradle-instrumentation-agent-9.4.1.jar 
java_command: org.gradle.launcher.daemon.bootstrap.GradleDaemon 9.4.1
java_class_path (initial): C:\Users\zzp84\.gradle\wrapper\dists\gradle-9.4.1-bin\arn2x92ynaizyzdaamcbpbhtj\gradle-9.4.1\lib\gradle-daemon-main-9.4.1.jar
Launcher Type: SUN_STANDARD

[Global flags]
     intx CICompilerCount                          = 15                                        {product} {ergonomic}
   size_t CompressedClassSpaceSize                 = 335544320                                 {product} {ergonomic}
     uint ConcGCThreads                            = 6                                         {product} {ergonomic}
     uint G1ConcRefinementThreads                  = 23                                        {product} {ergonomic}
   size_t G1HeapRegionSize                         = 1048576                                   {product} {ergonomic}
     bool HeapDumpOnOutOfMemoryError               = true                                   {manageable} {command line}
   size_t InitialHeapSize                          = 268435456                                 {product} {command line}
   size_t MarkStackSize                            = 4194304                                   {product} {ergonomic}
   size_t MarkStackSizeMax                         = 536870912                                 {product} {ergonomic}
   size_t MaxHeapSize                              = 536870912                                 {product} {command line}
   size_t MaxMetaspaceSize                         = 402653184                                 {product} {command line}
   size_t MaxNewSize                               = 321912832                                 {product} {ergonomic}
   size_t MinHeapDeltaBytes                        = 1048576                                   {product} {ergonomic}
   size_t MinHeapSize                              = 268435456                                 {product} {command line}
    uintx NonNMethodCodeHeapSize                   = 8192000                                {pd product} {ergonomic}
    uintx NonProfiledCodeHeapSize                  = 121765888                              {pd product} {ergonomic}
    uintx ProfiledCodeHeapSize                     = 121700352                              {pd product} {ergonomic}
    uintx ReservedCodeCacheSize                    = 251658240                              {pd product} {ergonomic}
     bool SegmentedCodeCache                       = true                                      {product} {ergonomic}
   size_t SoftMaxHeapSize                          = 536870912                              {manageable} {ergonomic}
     bool UseCompressedOops                        = true                           {product lp64_product} {ergonomic}
     bool UseG1GC                                  = true                                      {product} {ergonomic}
     bool UseLargePagesIndividualAllocation        = false                                  {pd product} {ergonomic}

Logging:
Log output configuration:
 #0: stdout all=warning uptime,level,tags foldmultilines=false
 #1: stderr all=off uptime,level,tags foldmultilines=false

Release file:
IMPLEMENTOR="Oracle Corporation" 
JAVA_RUNTIME_VERSION="25+37-LTS-3491" 
JAVA_VERSION="25" 
JAVA_VERSION_DATE="2025-09-16" 
LIBC="default" 
MODULES="java.base java.compiler java.datatransfer java.xml java.prefs java.desktop java.instrument java.logging java.management java.security.sasl java.naming java.rmi java.management.rmi java.net.http java.scripting java.security.jgss java.transaction.xa java.sql java.sql.rowset java.xml.crypto java.se java.smartcardio jdk.accessibility jdk.internal.jvmstat jdk.attach jdk.charsets jdk.internal.opt jdk.zipfs jdk.compiler jdk.crypto.cryptoki jdk.crypto.ec jdk.crypto.mscapi jdk.dynalink jdk.internal.ed jdk.editpad jdk.internal.vm.ci jdk.graal.compiler jdk.graal.compiler.management jdk.hotspot.agent jdk.httpserver jdk.incubator.vector jdk.internal.le jdk.internal.md jdk.jartool jdk.javadoc jdk.jcmd jdk.management jdk.management.agent jdk.jconsole jdk.jdeps jdk.jdwp.agent jdk.jdi jdk.jfr jdk.jlink jdk.jpackage jdk.jshell jdk.jsobject jdk.jstatd jdk.localedata jdk.management.jfr jdk.naming.dns jdk.naming.rmi jdk.net jdk.nio.mapmode jdk.sctp jdk.security.auth jdk.security.jgss jdk.unsupported jdk.unsupported.desktop jdk.xml.dom" 
OS_ARCH="x86_64" 
OS_NAME="Windows" 
SOURCE=".:git:49d6a23b8806 open:git:6c48f4ed707b" 

Environment Variables:
JAVA_HOME=D:\DevlopEnv\JDK\jdk-25
PATH=C:\Users\zzp84\.codex\tmp\arg0\codex-arg0Q1pdkJ;D:\DevlopEnv\miniconda;D:\DevlopEnv\miniconda\Library\mingw-w64\bin;D:\DevlopEnv\miniconda\Library\usr\bin;D:\DevlopEnv\miniconda\Library\bin;D:\DevlopEnv\miniconda\Scripts;D:\DevlopEnv\miniconda\bin;D:\DevlopEnv\miniconda\condabin;C:\Program Files\NVIDIA GPU Computing Toolkit\CUDA\v12.6\bin;C:\Program Files\NVIDIA GPU Computing Toolkit\CUDA\v12.6\libnvvp;D:\DevlopTools\VMware\VMware Workstation\bin;D:\DevlopEnv\Python\Python312\Scripts;D:\DevlopEnv\Python\Python312;C:\Windows\system32;C:\Windows;C:\Windows\System32\Wbem;C:\Windows\System32\WindowsPowerShell\v1.0;C:\Windows\System32\OpenSSH;C:\Program Files (x86)\NVIDIA Corporation\PhysX\Common;C:\WINDOWS\system32;C:\WINDOWS;C:\WINDOWS\System32\Wbem;C:\WINDOWS\System32\WindowsPowerShell\v1.0;C:\WINDOWS\System32\OpenSSH;D:\DevlopEnv\JDK\jdk-25\bin;D:\NetTools\NetSarang\Xshell 8;D:\NetTools\NetSarang\Xftp 8;C:\Program Files\Git\cmd;D:\DevlopEnv\nvm;D:\DevlopEnv\nodeJs;D:\DevlopEnv\nodeJs\node_global;D:\DevlopEnv\nodeJs\node_cache;C:\Program Files\NVIDIA Corporation\Nsight Compute 2024.3.2;C:\Program Files\dotnet;D:\DevlopEnv\Gradle\gradle-9.1.0\bin;C:\Program Files\NVIDIA Corporation\NVIDIA app\NvDLISR;C:\Program Files (x86)\cloudflared;C:\Program Files (x86)\ZeroTier\One;C:\Program Files\Docker\Docker\resources\bin;C:\Program Files\Pandoc;D:\DevlopEnv\Android\SDK\platform-tools;C:\Program Files (x86)\Windows Kits\10\Windows Performance Toolkit;D:\DevlopEnv\miniconda;D:\DevlopEnv\miniconda\Scripts;D:\DevlopEnv\miniconda\Library\bin;C:\Users\zzp84\.local\bin;C:\Users\zzp84\AppData\Local\Microsoft\WindowsApps;C:\Users\zzp84\AppData\Local\JetBrains\Toolbox\scripts;D:\DevlopTools\Microsoft VS Code\bin;D:\DevlopTools\Huawei\DevEco Studio\bin;C:\Users\zzp84\.dotnet\tools;D:\DevlopTools\Flutter\bin;D:\DevlopEnv\nvm\node_modules;D:\DevlopTools\Zed\bin;C:\Users\zzp84\.jetbrains\helm;C:\Users\zzp84\AppData\Local\Microsoft\WinGet\Links;C:\Users\zzp84\.bun\bin;C:\Users\zzp84\AppData\Local\OpenAI\Codex\bin\ada252862d154cdd;C:\Program Files\WindowsApps\OpenAI.Codex_26.519.5221.0_x64__2p2nqsd0c76g0\app\resources
USERNAME=zzp84
SHELL=C:\Windows\System32\WindowsPowerShell\v1.0\powershell.exe
OS=Windows_NT
PROCESSOR_IDENTIFIER=AMD64 Family 25 Model 97 Stepping 2, AuthenticAMD
TMP=C:\Users\zzp84\AppData\Local\Temp
TEMP=C:\Users\zzp84\AppData\Local\Temp




Compilation memory statistics disabled.

Periodic native trim disabled

---------------  S Y S T E M  ---------------

OS:
 Windows 11 , 64 bit Build 26100 (10.0.26100.8328)
OS uptime: 0 days 20:01 hours
Hyper-V role detected

CPU: total 32 (initial active 32) (32 cores per cpu, 2 threads per core) family 25 model 97 stepping 2 microcode 0xa601209, cx8, cmov, fxsr, ht, mmx, 3dnowpref, sse, sse2, sse3, ssse3, sse4a, sse4.1, sse4.2, popcnt, lzcnt, tsc, tscinvbit, avx, avx2, aes, erms, clmul, bmi1, bmi2, adx, avx512f, avx512dq, avx512cd, avx512bw, avx512vl, sha, fma, vzeroupper, avx512_vpopcntdq, avx512_vpclmulqdq, avx512_vaes, avx512_vnni, clflush, clflushopt, clwb, avx512_vbmi2, avx512_vbmi, hv, rdtscp, rdpid, fsrm, gfni, avx512_bitalg, f16c, cet_ss, avx512_ifma
Processor Information for the first 32 processors :
  Max Mhz: 2401, Current Mhz: 2401, Mhz Limit: 2401

Memory: 4k page, system-wide physical 31925M (690M free)
TotalPageFile size 76873M (AvailPageFile size 0M)
current process WorkingSet (physical memory assigned to process): 66M, peak: 867M
current process commit charge ("private bytes"): 764M, peak: 992M

vm_info: Java HotSpot(TM) 64-Bit Server VM (25+37-LTS-3491) for windows-amd64 JRE (25+37-LTS-3491), built on 2025-08-14T21:13:00Z with unknown MS VC++:1943

END.
